,pre_slack,cur_slack,post_slack,pre_logic_lvl,cur_logic_lvl,post_logic_lvl,pre_data_delay,cur_data_delay,post_data_delay,clock_skew,startpoint,endpoint
0,-0.02,-0.003,-0.0,17,27,19,-0.339,-0.391,-0.421,0.054,heopergj1a,n3nz3r1hos
1,-0.0,-0.023,-0.029,15,20,28,-0.42,-0.372,-0.4,0.024,4d2zb23ger,iaqt7agvvl
2,-0.0,-0.0,-0.025,21,28,17,-0.403,-0.281,-0.428,0.052000000000000005,hvt3lqco20,p2hdjpvy9q
3,-0.011,-0.028,-0.011,20,15,29,-0.274,-0.34800000000000003,-0.34700000000000003,0.039,eb7r7ahz44,p9tscfnh2d
4,-0.002,-0.019,-0.005,20,19,29,-0.342,-0.369,-0.28200000000000003,0.047,r2it2iuks6,s7yhb11rqm
5,-0.014,-0.005,-0.022,16,21,15,-0.376,-0.401,-0.28200000000000003,0.056,q2eizcm0vw,y1vlszs3ij
6,-0.019,-0.007,-0.001,29,20,28,-0.325,-0.26,-0.326,0.033,sovcx5mh1a,d3p41e3p1d
7,-0.026000000000000002,-0.024,-0.014,19,19,18,-0.427,-0.25,-0.395,0.034,ahmc07u3ue,l89jdnh5jv
8,-0.027,-0.017,-0.025,18,15,16,-0.423,-0.277,-0.34600000000000003,0.07100000000000001,40trk81a3y,hw7i1vitp3
9,-0.012,-0.019,-0.003,24,26,19,-0.42,-0.303,-0.272,0.075,cz9yu4e9gt,5hl3cdpb0e
10,-0.017,-0.001,-0.029,25,15,26,-0.34500000000000003,-0.371,-0.266,0.058,4feblntb7i,ax5cyypczp
11,-0.015,-0.029,-0.025,22,20,24,-0.376,-0.323,-0.4,0.023,b62xcb1xhy,bj97yo9ots
12,-0.003,-0.01,-0.021,19,17,17,-0.41300000000000003,-0.262,-0.313,0.024,loodhwvy44,unhp8r1xb5
13,-0.019,-0.016,-0.021,16,26,22,-0.361,-0.388,-0.25,0.022,b1vjroctnr,aryppqrxtf
14,-0.012,-0.0,-0.013000000000000001,22,27,23,-0.276,-0.364,-0.303,0.075,6ybaikvhqi,fz7s2e5la1
15,-0.014,-0.006,-0.001,16,23,16,-0.324,-0.36,-0.335,0.059000000000000004,3vkivm9ry3,xgsdj6mq34
16,-0.019,-0.003,-0.027,24,27,29,-0.318,-0.419,-0.257,0.036000000000000004,bkzcghdsgj,29z2fitjaq
17,-0.008,-0.01,-0.027,27,29,29,-0.357,-0.332,-0.402,0.075,2pbzo9uhix,8p09h491eh
18,-0.015,-0.028,-0.01,21,20,29,-0.374,-0.298,-0.36,0.076,aicm88yb1m,l54dmg0f9u
19,-0.023,-0.01,-0.013000000000000001,16,28,24,-0.34400000000000003,-0.265,-0.42,0.029,k1jxy1l9ax,l072nhvwk1
20,-0.019,-0.009000000000000001,-0.0,29,19,22,-0.40900000000000003,-0.34400000000000003,-0.27,0.045,h70d2n9a79,h0a2heabaz
21,-0.018000000000000002,-0.005,-0.02,20,28,18,-0.38,-0.417,-0.32,0.076,p4xub1g0pv,a1yqzfag9f
22,-0.018000000000000002,-0.0,-0.001,22,21,27,-0.35000000000000003,-0.395,-0.27,0.067,74uhjt0ydy,uxtznfupcq
23,-0.021,-0.001,-0.022,27,22,24,-0.322,-0.41400000000000003,-0.306,0.036000000000000004,k2vdyzm6yj,l5i3q9v6tx
24,-0.022,-0.024,-0.006,16,18,26,-0.418,-0.274,-0.406,0.027,xsdl1j0m70,5y2mwhk1c7
25,-0.026000000000000002,-0.0,-0.02,20,27,22,-0.316,-0.34500000000000003,-0.276,0.046,qf1vsi21ru,jn926mab6e
26,-0.008,-0.014,-0.017,24,29,19,-0.261,-0.41300000000000003,-0.38,0.037,7ljy2ggvai,49iv3tf54z
27,-0.027,-0.004,-0.023,23,17,26,-0.289,-0.447,-0.326,0.048,vov5x7t9ea,0ve4qebetj
28,-0.012,-0.004,-0.015,27,24,29,-0.301,-0.354,-0.291,0.02,cw4am86acb,zgl988zqev
29,-0.004,-0.006,-0.008,21,24,16,-0.399,-0.401,-0.36,0.027,evfvmwezr5,6juev4s0hf
30,-0.015,-0.019,-0.003,17,26,17,-0.427,-0.432,-0.391,0.052000000000000005,ck1jpkb2ya,3g493omsk2
31,-0.027,-0.008,-0.018000000000000002,17,22,16,-0.3,-0.377,-0.374,0.069,jasvbo4ipl,2qxuhfkl60
32,-0.018000000000000002,-0.02,-0.028,23,17,27,-0.449,-0.378,-0.438,0.037,hw44oz60ed,ho5dtjkung
33,-0.018000000000000002,-0.001,-0.013000000000000001,25,25,25,-0.40800000000000003,-0.41300000000000003,-0.439,0.021,ovhspnxr7g,hy85k1z4ie
34,-0.017,-0.017,-0.028,29,21,21,-0.328,-0.316,-0.309,0.029,ma7cur7nef,naw2dcmdsr
35,-0.004,-0.0,-0.008,18,17,20,-0.341,-0.263,-0.34800000000000003,0.048,wghm220u4b,4r696u0tdp
36,-0.002,-0.013000000000000001,-0.029,25,23,16,-0.265,-0.251,-0.356,0.057,q4mgfi3ee8,wqh6ttwphh
37,-0.026000000000000002,-0.018000000000000002,-0.005,21,26,25,-0.299,-0.311,-0.438,0.032,kijk016xkx,pa6aasziw3
38,-0.011,-0.007,-0.023,24,25,20,-0.319,-0.321,-0.309,0.026000000000000002,octiik3uf2,f4j2an9ucp
39,-0.018000000000000002,-0.018000000000000002,-0.001,28,20,24,-0.335,-0.373,-0.337,0.055,lik98zm3kr,wxvmo538rl
40,-0.012,-0.026000000000000002,-0.019,23,24,20,-0.359,-0.259,-0.337,0.041,0blv0ojwa1,8sey9likp2
41,-0.011,-0.004,-0.011,18,19,26,-0.301,-0.28300000000000003,-0.323,0.034,mbpael1poj,4lhbtgpk2r
42,-0.025,-0.002,-0.017,27,27,15,-0.334,-0.364,-0.431,0.07100000000000001,mu8zk4pwfx,gi07ddflnw
43,-0.014,-0.009000000000000001,-0.015,19,25,26,-0.319,-0.328,-0.253,0.039,denixqh84o,ih6fxqyq2h
44,-0.014,-0.009000000000000001,-0.018000000000000002,16,18,19,-0.385,-0.402,-0.337,0.067,htihejhqy2,1lsoey5c2v
45,-0.013000000000000001,-0.009000000000000001,-0.003,24,24,15,-0.261,-0.332,-0.25,0.031,dgae7lodwx,mcyq3ne2pn
46,-0.027,-0.011,-0.0,17,24,24,-0.29,-0.396,-0.274,0.063,qc0tr6el6s,brqa5tdwqr
47,-0.019,-0.022,-0.007,28,16,17,-0.438,-0.381,-0.254,0.035,0e2afhi6d0,u2jkqpj2og
48,-0.012,-0.0,-0.015,22,24,24,-0.362,-0.343,-0.361,0.024,w02cuzytco,t9em7dpmw9
49,-0.01,-0.002,-0.006,17,29,27,-0.41000000000000003,-0.418,-0.388,0.044,ip3s15a2iz,1gr04i4a8a
50,-0.018000000000000002,-0.007,-0.0,18,19,28,-0.28700000000000003,-0.439,-0.367,0.034,yb1ffytm3e,hphisvr7pz
51,-0.021,-0.012,-0.021,26,24,24,-0.34700000000000003,-0.393,-0.429,0.052000000000000005,99iai8augb,ewk9apywki
52,-0.029,-0.029,-0.005,27,24,29,-0.299,-0.41500000000000004,-0.398,0.033,hdrqi7f0zr,qlsw6e51yf
53,-0.003,-0.01,-0.008,19,17,21,-0.308,-0.303,-0.273,0.049,rc9op3277q,038uxkpbya
54,-0.01,-0.012,-0.005,20,24,28,-0.275,-0.387,-0.382,0.061,xen934jxwx,x8iq6mtwli
55,-0.0,-0.027,-0.016,21,26,21,-0.252,-0.358,-0.44,0.026000000000000002,wz8bydgmuq,crzmbt9gal
56,-0.022,-0.005,-0.028,27,20,16,-0.261,-0.304,-0.25,0.046,93mwdxjdbr,if35a4xa1i
57,-0.021,-0.028,-0.004,15,20,17,-0.431,-0.438,-0.375,0.023,765zw2thv0,pfnqh160yr
58,-0.014,-0.001,-0.001,15,19,23,-0.392,-0.421,-0.291,0.046,0swwjm3uf6,9evbqqmdsj
59,-0.022,-0.02,-0.007,18,26,27,-0.378,-0.444,-0.439,0.025,tj9mdr5ae1,9v2n340vbt
60,-0.008,-0.0,-0.026000000000000002,15,23,17,-0.359,-0.325,-0.28800000000000003,0.023,y09uk2bnmd,gu2cnubm63
61,-0.027,-0.029,-0.025,26,28,15,-0.401,-0.314,-0.279,0.062,mrfd1x8si2,0u86i6k86s
62,-0.006,-0.028,-0.01,16,22,21,-0.302,-0.398,-0.28500000000000003,0.03,3jcqga4wkg,58gvom2kmq
63,-0.024,-0.005,-0.011,27,27,16,-0.302,-0.448,-0.319,0.053,b48kvriqw6,mq4bcxqgi4
64,-0.022,-0.027,-0.026000000000000002,19,21,26,-0.324,-0.302,-0.257,0.061,jtuiy2vh9x,134o6ij3sv
65,-0.002,-0.008,-0.001,20,26,29,-0.306,-0.28800000000000003,-0.40900000000000003,0.024,u54a6pm1yk,h0k7qtgyfx
66,-0.005,-0.019,-0.011,28,29,27,-0.401,-0.369,-0.446,0.055,0rai8tdiso,mmecrv7w4i
67,-0.018000000000000002,-0.01,-0.004,29,25,18,-0.318,-0.325,-0.425,0.041,1qmpkp7pc7,sqkdsseteg
68,-0.013000000000000001,-0.007,-0.025,18,16,18,-0.401,-0.272,-0.391,0.052000000000000005,paemij85c9,zgw2r9hgpt
69,-0.007,-0.018000000000000002,-0.012,21,20,16,-0.252,-0.322,-0.34500000000000003,0.042,jxhhrg8e5e,xxscfh1h78
70,-0.016,-0.014,-0.0,20,21,27,-0.386,-0.267,-0.425,0.062,ly43th7hqe,iv9z7c44yv
71,-0.014,-0.029,-0.022,25,21,24,-0.335,-0.402,-0.271,0.073,7hivjqzuyv,dsx3mmyxka
72,-0.002,-0.009000000000000001,-0.003,24,15,18,-0.342,-0.40800000000000003,-0.294,0.054,upwa2zbwhl,0sky9tqjzu
73,-0.005,-0.028,-0.019,16,20,23,-0.278,-0.391,-0.304,0.063,t6e2u1gh9i,bqpd0sq3kx
74,-0.022,-0.013000000000000001,-0.017,16,25,15,-0.358,-0.311,-0.40700000000000003,0.065,t2cqtnh173,erwbduzc0e
75,-0.01,-0.021,-0.001,21,22,17,-0.432,-0.44,-0.28800000000000003,0.047,zjamggl2vd,xiqt5c0lap
76,-0.021,-0.009000000000000001,-0.009000000000000001,23,16,22,-0.374,-0.261,-0.34800000000000003,0.041,floveuqylj,nwuq828qlf
77,-0.024,-0.027,-0.008,18,28,29,-0.427,-0.419,-0.378,0.027,rq5kezufl0,jkqohq3955
78,-0.017,-0.013000000000000001,-0.021,17,16,15,-0.43,-0.369,-0.371,0.022,ds2r0dua1h,1hr22e26ri
79,-0.01,-0.012,-0.008,26,25,16,-0.255,-0.366,-0.368,0.038,2upmiytmqt,wzubwdamjp
80,-0.022,-0.024,-0.008,21,15,18,-0.439,-0.303,-0.326,0.077,hyia52gi5x,02hr5lsho5
81,-0.02,-0.006,-0.001,19,27,18,-0.255,-0.446,-0.367,0.045,9j0lwvycdm,gfvk7cj313
82,-0.02,-0.025,-0.002,27,27,24,-0.386,-0.381,-0.293,0.043000000000000003,w9ttoxvbk9,f3wlhtui35
83,-0.026000000000000002,-0.026000000000000002,-0.005,20,27,16,-0.446,-0.275,-0.35100000000000003,0.063,k6ii8da8a4,4ck0b1gtzt
84,-0.017,-0.0,-0.025,19,16,20,-0.362,-0.388,-0.396,0.07200000000000001,2czn4ungco,75fzekvo7e
85,-0.015,-0.014,-0.002,19,20,27,-0.29,-0.317,-0.34,0.079,nz3kqh1sbp,hl9rn8vvse
86,-0.015,-0.026000000000000002,-0.023,26,23,21,-0.417,-0.402,-0.297,0.076,fvpf31fb4h,gmd3qxemd2
87,-0.008,-0.028,-0.012,21,19,26,-0.254,-0.257,-0.359,0.041,tk1k18ytlu,etd1wr1vq4
88,-0.003,-0.029,-0.029,23,24,17,-0.263,-0.28200000000000003,-0.354,0.034,b79s84k40r,jsw8nwdynv
89,-0.007,-0.013000000000000001,-0.021,25,15,22,-0.445,-0.27,-0.406,0.051000000000000004,ggyvb0wi37,iw81d2pnr2
90,-0.018000000000000002,-0.006,-0.022,28,15,25,-0.438,-0.447,-0.373,0.06,pjct7y4r0h,chikmpwv8n
91,-0.006,-0.0,-0.008,28,29,25,-0.391,-0.272,-0.418,0.064,frk9s8953h,70qp0k7fh9
92,-0.015,-0.004,-0.007,18,19,16,-0.356,-0.387,-0.405,0.076,tt4oaxarl6,xk5cg1vvq8
93,-0.017,-0.021,-0.022,16,17,19,-0.358,-0.319,-0.276,0.048,n6mytxm1px,ckkdby40co
94,-0.002,-0.01,-0.006,20,22,25,-0.272,-0.27,-0.267,0.025,0m7omcrmri,xe724782lk
95,-0.014,-0.025,-0.009000000000000001,21,25,23,-0.298,-0.358,-0.41000000000000003,0.04,21ge7xrh1g,hjj2rk3p6s
96,-0.006,-0.025,-0.014,19,29,20,-0.4,-0.40800000000000003,-0.371,0.07,6219sgr3l2,j7cjjycndg
97,-0.009000000000000001,-0.003,-0.01,16,27,26,-0.424,-0.377,-0.388,0.054,wbu5101nl3,5leisnbb52
98,-0.022,-0.023,-0.018000000000000002,27,20,19,-0.395,-0.305,-0.301,0.023,8155ys1c8u,ufwq8rxk86
99,-0.016,-0.014,-0.008,19,25,23,-0.382,-0.382,-0.28600000000000003,0.022,5kuue75t0l,1cfjhmkvg9
100,-0.003,-0.023,-0.017,23,19,21,-0.275,-0.446,-0.383,0.049,x7w4hzannr,tqa80ilhsa
101,-0.003,-0.004,-0.022,27,25,28,-0.402,-0.303,-0.386,0.029,lz3g6953s8,ubqujzcafb
102,-0.011,-0.027,-0.013000000000000001,16,20,16,-0.427,-0.364,-0.328,0.024,rn07v3k44h,n1k0fyednc
103,-0.012,-0.0,-0.015,28,16,25,-0.331,-0.34,-0.337,0.031,u7u1nubxma,vm6ynbyw1k
104,-0.018000000000000002,-0.027,-0.026000000000000002,19,27,19,-0.367,-0.423,-0.34500000000000003,0.079,kb056yxrs7,d4n0e1l9n4
105,-0.019,-0.028,-0.001,18,29,26,-0.34500000000000003,-0.338,-0.33,0.056,vrt4x1kdl2,hgs2zv8gmq
106,-0.0,-0.019,-0.018000000000000002,29,20,20,-0.368,-0.389,-0.427,0.033,k5kps7wi31,4cvuwz7h76
107,-0.015,-0.024,-0.011,27,25,18,-0.255,-0.41500000000000004,-0.34500000000000003,0.043000000000000003,y51aibr4aj,ssegg762sb
108,-0.012,-0.005,-0.012,18,15,17,-0.433,-0.366,-0.302,0.035,rplrth3zfm,gsgbbtz8y1
109,-0.0,-0.026000000000000002,-0.01,24,28,28,-0.378,-0.34500000000000003,-0.28,0.06,vfs0tcy7gk,i276kiixf7
110,-0.009000000000000001,-0.011,-0.019,21,18,18,-0.417,-0.263,-0.25,0.078,ggq3a2nrbh,vifxnbkfbd
111,-0.016,-0.002,-0.02,28,20,25,-0.27,-0.34700000000000003,-0.417,0.075,4j66p5cunp,5ualiu94zs
112,-0.01,-0.003,-0.022,19,28,23,-0.302,-0.431,-0.447,0.032,lde6bqf3eu,vrgo1arqm2
113,-0.016,-0.017,-0.017,22,29,28,-0.394,-0.298,-0.28200000000000003,0.041,5p741opmkz,4zcrjxxdvr
114,-0.019,-0.006,-0.019,26,20,15,-0.28,-0.428,-0.375,0.052000000000000005,k36ytkkkwk,yifz7532zu
115,-0.004,-0.006,-0.024,21,23,23,-0.41100000000000003,-0.299,-0.28300000000000003,0.045,0fxfu2oadk,2zsxl4q3zz
116,-0.01,-0.0,-0.021,25,15,21,-0.26,-0.428,-0.402,0.055,k2m037n45x,pnvtri1vmy
117,-0.018000000000000002,-0.019,-0.001,23,23,18,-0.41300000000000003,-0.366,-0.449,0.054,qni0dygiju,37bqtat3r1
118,-0.018000000000000002,-0.003,-0.026000000000000002,26,20,19,-0.436,-0.418,-0.35000000000000003,0.039,lgnpqkhdwo,tncgnxgxj0
119,-0.022,-0.006,-0.023,22,24,26,-0.269,-0.271,-0.41300000000000003,0.047,cfppumlw8t,24jzxckaq7
120,-0.022,-0.012,-0.018000000000000002,28,18,23,-0.314,-0.299,-0.374,0.078,sy9morag9f,ha2cqia4fe
121,-0.028,-0.012,-0.013000000000000001,20,16,28,-0.342,-0.405,-0.28500000000000003,0.048,fc8zpcm1bf,yn0bra9f7f
122,-0.026000000000000002,-0.005,-0.01,25,26,18,-0.292,-0.433,-0.266,0.058,5sdkrqnifi,5jupgdwxsa
123,-0.011,-0.01,-0.008,21,23,18,-0.335,-0.28700000000000003,-0.447,0.073,jxp0z9gmwv,xswgycjxst
124,-0.02,-0.023,-0.027,19,20,17,-0.384,-0.39,-0.427,0.034,vm6jgeopaj,wrqtsbyvhi
125,-0.004,-0.017,-0.0,29,25,27,-0.25,-0.387,-0.307,0.058,rk1s0tsjhl,hjq4mkxo2g
126,-0.014,-0.004,-0.006,15,17,19,-0.427,-0.372,-0.36,0.048,f1mpoh2wia,0ku73up7xz
127,-0.022,-0.017,-0.018000000000000002,22,27,23,-0.3,-0.418,-0.267,0.044,e8g10g8ayi,gufi917ft5
128,-0.005,-0.027,-0.012,16,28,22,-0.314,-0.308,-0.28300000000000003,0.049,0mnkxjrxc8,h3u8dombqi
129,-0.026000000000000002,-0.024,-0.011,18,22,26,-0.368,-0.389,-0.424,0.05,ts48pzlyow,rva1otq58i
130,-0.029,-0.002,-0.029,19,28,19,-0.328,-0.435,-0.435,0.031,lvtxz0m72j,4enclemtx7
131,-0.025,-0.02,-0.004,20,25,18,-0.266,-0.425,-0.329,0.07200000000000001,j0oxytmbgk,jf0fqylar5
132,-0.001,-0.017,-0.009000000000000001,19,21,25,-0.444,-0.25,-0.369,0.06,vlvorpuk2e,tju66ay6fd
133,-0.013000000000000001,-0.011,-0.027,15,26,24,-0.393,-0.445,-0.292,0.051000000000000004,wqezo0w5i5,smtng7vfpi
134,-0.016,-0.026000000000000002,-0.007,24,26,29,-0.428,-0.423,-0.418,0.049,w49cjwbn3x,y30k85tjpm
135,-0.009000000000000001,-0.001,-0.008,22,15,26,-0.372,-0.34800000000000003,-0.421,0.029,zy3m7vnpuf,qe5d828pz2
136,-0.006,-0.009000000000000001,-0.004,27,28,19,-0.267,-0.311,-0.34500000000000003,0.079,a6c4bhk2s1,c693dhg4gs
137,-0.029,-0.004,-0.002,27,20,20,-0.342,-0.325,-0.357,0.043000000000000003,44ae5j5far,mtb4e3pfb0
138,-0.025,-0.0,-0.009000000000000001,27,15,28,-0.445,-0.294,-0.399,0.038,3tqgmr2ck0,a14yw9mxt1
139,-0.015,-0.001,-0.01,28,18,27,-0.436,-0.418,-0.256,0.076,x21zvdgqha,ysgfngkht4
140,-0.021,-0.013000000000000001,-0.02,29,15,18,-0.28500000000000003,-0.297,-0.34700000000000003,0.073,p7kh1aw6ub,lxon6z0sgv
141,-0.005,-0.022,-0.024,29,18,26,-0.29,-0.263,-0.258,0.037,hrysst9lyb,l4z0vifm22
142,-0.028,-0.004,-0.024,25,24,20,-0.429,-0.354,-0.27,0.07100000000000001,ea7grsn20z,amg09naib5
143,-0.022,-0.025,-0.009000000000000001,22,17,21,-0.373,-0.264,-0.305,0.029,pohbcwbqqa,nok6g1wcr5
144,-0.015,-0.017,-0.018000000000000002,16,27,20,-0.293,-0.34500000000000003,-0.312,0.074,1lit9za3ss,jwb904mfv2
145,-0.02,-0.019,-0.008,27,25,15,-0.434,-0.429,-0.313,0.02,qz1k8yldwo,yqlrvkqxf7
146,-0.026000000000000002,-0.027,-0.007,23,18,28,-0.386,-0.449,-0.27,0.059000000000000004,vjpx01gwy1,jmkdcbxvug
147,-0.01,-0.015,-0.025,19,15,18,-0.41100000000000003,-0.427,-0.403,0.024,hetl10pvr7,t376oed4lg
148,-0.006,-0.023,-0.0,24,28,28,-0.41000000000000003,-0.301,-0.34700000000000003,0.06,sfyoopa3ie,yqldcobuxu
149,-0.006,-0.008,-0.023,23,19,19,-0.41400000000000003,-0.399,-0.302,0.079,oq6im9unu2,wjtftykx04
150,-0.026000000000000002,-0.02,-0.005,18,17,29,-0.41400000000000003,-0.29,-0.433,0.031,septs0jna6,66yvr7bolw
151,-0.014,-0.011,-0.002,16,17,22,-0.299,-0.334,-0.301,0.028,yw7hb9rth9,xkvmyqjrz8
152,-0.015,-0.01,-0.015,20,27,27,-0.361,-0.26,-0.264,0.069,89k1njnsqq,5nvy2c9n9d
153,-0.021,-0.028,-0.003,26,15,21,-0.314,-0.429,-0.34900000000000003,0.039,knltt1n228,d7rwadqbci
154,-0.009000000000000001,-0.003,-0.029,20,21,27,-0.431,-0.28,-0.29,0.046,drhir3206h,1dmvwjoq61
155,-0.009000000000000001,-0.024,-0.017,29,20,15,-0.292,-0.353,-0.4,0.055,dulr9uo2hn,kzh41ijqid
156,-0.018000000000000002,-0.007,-0.014,27,20,23,-0.267,-0.423,-0.41600000000000004,0.032,5pk6uifdfd,gps3gxzngp
157,-0.006,-0.023,-0.0,28,27,19,-0.315,-0.323,-0.369,0.02,1pohl1k90m,efbqze2g2m
158,-0.027,-0.011,-0.008,24,20,17,-0.373,-0.448,-0.36,0.059000000000000004,fy22u6s5g6,0jwf8obzcl
159,-0.008,-0.026000000000000002,-0.029,17,26,22,-0.396,-0.427,-0.41300000000000003,0.029,f9ky5m1d4n,r0hi3q0f2z
160,-0.007,-0.029,-0.005,19,26,26,-0.326,-0.332,-0.307,0.025,kpya3cmthv,yq9qgzpjkv
161,-0.024,-0.023,-0.018000000000000002,19,19,22,-0.41400000000000003,-0.258,-0.34500000000000003,0.046,mt8t46ecvi,rsm2qf4ex5
162,-0.026000000000000002,-0.025,-0.022,19,26,18,-0.426,-0.363,-0.441,0.036000000000000004,fdq9gh2dbs,vu0v2khl9m
163,-0.029,-0.016,-0.016,25,15,24,-0.379,-0.391,-0.28200000000000003,0.06,lubawu9r43,n22gs0p0yu
164,-0.018000000000000002,-0.027,-0.021,20,25,23,-0.319,-0.272,-0.357,0.073,o21k2yx8wl,tm989166zv
165,-0.018000000000000002,-0.016,-0.005,19,18,27,-0.429,-0.336,-0.406,0.079,2mlh4b9t4v,nllbtmkcyi
166,-0.022,-0.0,-0.022,17,24,29,-0.289,-0.379,-0.397,0.023,6lk4bverld,6k36z4kcsp
167,-0.024,-0.015,-0.016,24,29,18,-0.393,-0.441,-0.274,0.062,aksa77x2xm,vw9o2hcyiv
168,-0.021,-0.023,-0.014,23,18,16,-0.332,-0.397,-0.41200000000000003,0.049,5xpli3sjdl,ghfoucfaqw
169,-0.02,-0.028,-0.012,21,26,27,-0.41400000000000003,-0.41100000000000003,-0.272,0.046,by432w6byd,jkcp32lgd6
170,-0.025,-0.018000000000000002,-0.0,24,25,17,-0.392,-0.429,-0.41100000000000003,0.046,uftl8k1jld,1umlhpwyvx
171,-0.008,-0.023,-0.023,17,22,15,-0.303,-0.261,-0.421,0.074,4msqjqdd16,k6p5bx0vwv
172,-0.005,-0.029,-0.005,24,19,26,-0.378,-0.264,-0.28200000000000003,0.07,vhvxeo0u1u,ihubt9vggx
173,-0.016,-0.025,-0.017,27,29,29,-0.439,-0.334,-0.299,0.052000000000000005,rf3kydeun6,bwxckfmvsw
174,-0.003,-0.019,-0.029,20,28,22,-0.41200000000000003,-0.319,-0.326,0.033,jmjs7ce3zv,bej7x9kn5s
175,-0.022,-0.028,-0.02,22,15,24,-0.28500000000000003,-0.28400000000000003,-0.334,0.045,mnrifcru5g,rh3al2ja8h
176,-0.009000000000000001,-0.028,-0.007,29,19,19,-0.421,-0.311,-0.256,0.07,xrexwnvgmn,wtas7t1xlf
177,-0.026000000000000002,-0.01,-0.006,26,29,28,-0.405,-0.306,-0.444,0.076,xtr2k5xy9y,kmzaox1q0a
178,-0.024,-0.019,-0.02,26,25,20,-0.353,-0.307,-0.292,0.074,oe5g977zzw,yqqvchnrkg
179,-0.014,-0.023,-0.007,23,22,20,-0.319,-0.363,-0.379,0.044,x9ul1w13r4,dvaqluczh4
180,-0.007,-0.025,-0.015,17,23,22,-0.312,-0.31,-0.40900000000000003,0.029,t8jm8gknku,tl7pd14zqn
181,-0.007,-0.002,-0.027,18,27,26,-0.303,-0.266,-0.39,0.061,q1gskavfcm,wpmnangoim
182,-0.007,-0.013000000000000001,-0.01,25,28,21,-0.274,-0.29,-0.375,0.055,rq4bwicm4z,f9sc7j166g
183,-0.015,-0.023,-0.007,27,23,28,-0.41600000000000004,-0.442,-0.309,0.05,lg2fv7kcf4,hj006vhsgw
184,-0.01,-0.012,-0.023,22,15,24,-0.331,-0.402,-0.354,0.046,1jrbxlnaye,hnbvy6d3lj
185,-0.003,-0.005,-0.003,20,18,25,-0.278,-0.419,-0.316,0.035,c73u2i5q3u,2bnwaq41l3
186,-0.005,-0.009000000000000001,-0.027,21,26,18,-0.371,-0.391,-0.294,0.02,54pr5gwoer,em0b4nq2og
187,-0.025,-0.025,-0.025,23,23,22,-0.393,-0.397,-0.393,0.038,42somcddct,8rr970x924
188,-0.027,-0.003,-0.009000000000000001,25,28,26,-0.272,-0.305,-0.265,0.033,yctr8ackev,c4kiedw1db
189,-0.003,-0.012,-0.0,26,15,27,-0.41600000000000004,-0.268,-0.38,0.045,y05sb3r9a0,0hs0wbmpbl
190,-0.02,-0.005,-0.01,24,21,28,-0.374,-0.44,-0.251,0.028,w3qtbbrrdw,m1hzfrvo6m
191,-0.013000000000000001,-0.002,-0.004,28,23,29,-0.317,-0.314,-0.28500000000000003,0.02,ix2bzuywp5,xrinjsz8px
192,-0.007,-0.014,-0.0,22,23,25,-0.41100000000000003,-0.375,-0.34600000000000003,0.042,e6wrfihknl,zyr183tu5a
193,-0.02,-0.021,-0.02,16,20,15,-0.34500000000000003,-0.263,-0.278,0.048,a81531til2,ovbppa5tyk
194,-0.004,-0.011,-0.0,17,19,29,-0.366,-0.322,-0.441,0.04,co51ho4y0i,mqaomfnkzi
195,-0.021,-0.018000000000000002,-0.021,28,16,19,-0.424,-0.397,-0.34700000000000003,0.03,p6qtlwjkft,dlnlrtgsgj
196,-0.003,-0.01,-0.029,21,16,26,-0.422,-0.28600000000000003,-0.379,0.062,yspo3s30si,ggrfuo03tu
197,-0.008,-0.002,-0.003,18,27,28,-0.28400000000000003,-0.358,-0.437,0.023,6jcnl72sr3,hd6j5kdlc6
198,-0.001,-0.01,-0.005,27,18,15,-0.399,-0.319,-0.264,0.021,pe17b2z4g1,0n32rxs0bl
199,-0.027,-0.013000000000000001,-0.021,24,27,25,-0.439,-0.404,-0.4,0.058,o9dky5yh2a,dcxto2qp17
200,-0.01,-0.01,-0.011,23,18,22,-0.402,-0.374,-0.28700000000000003,0.042,jdwper4u1i,pgeld71koq
201,-0.025,-0.001,-0.017,18,15,26,-0.433,-0.264,-0.403,0.033,08ic1w5wlo,sj5250w3zg
202,-0.001,-0.027,-0.018000000000000002,15,20,15,-0.326,-0.305,-0.405,0.03,52chc7ml15,9oekwbscnd
203,-0.013000000000000001,-0.021,-0.024,16,27,21,-0.388,-0.35000000000000003,-0.32,0.058,oirwtxbsyz,uilj5xfyou
204,-0.012,-0.008,-0.009000000000000001,29,29,23,-0.313,-0.322,-0.425,0.036000000000000004,d4uxshg3kd,bc7530xph6
205,-0.011,-0.026000000000000002,-0.005,27,19,24,-0.399,-0.442,-0.32,0.051000000000000004,8ltv9z3i7i,yf3j7r9suo
206,-0.024,-0.029,-0.012,18,24,28,-0.266,-0.28800000000000003,-0.436,0.023,15kksl9kod,eoitvf1xt4
207,-0.016,-0.028,-0.007,20,18,19,-0.323,-0.40700000000000003,-0.266,0.075,p2chfqwq85,wu1wtyqc3c
208,-0.004,-0.023,-0.008,23,15,19,-0.378,-0.445,-0.369,0.063,mtbem4t6r6,3ttbj2gzi6
209,-0.028,-0.002,-0.018000000000000002,18,28,29,-0.313,-0.32,-0.26,0.039,rwsbuz2pxl,h72w4v36eo
210,-0.024,-0.025,-0.019,28,24,23,-0.34900000000000003,-0.421,-0.289,0.049,9lwfbb66v3,qaanv2002q
211,-0.013000000000000001,-0.006,-0.02,18,25,18,-0.298,-0.367,-0.307,0.073,gjp8qab170,t1dlfceqm5
212,-0.019,-0.008,-0.007,29,18,29,-0.425,-0.41200000000000003,-0.424,0.074,lefzhqncau,y1hlz6s9kl
213,-0.017,-0.007,-0.01,19,24,24,-0.305,-0.441,-0.298,0.042,83huc4gnkh,8jtoynzour
214,-0.023,-0.006,-0.022,24,24,19,-0.441,-0.311,-0.305,0.066,k9mtraap64,g4w1pg3006
215,-0.008,-0.011,-0.025,25,22,21,-0.322,-0.432,-0.381,0.057,ngis4plnrh,6vsf992jbi
216,-0.011,-0.024,-0.016,16,19,22,-0.423,-0.405,-0.379,0.046,dp5m7nydq2,i3323q7928
217,-0.011,-0.008,-0.003,26,27,22,-0.359,-0.43,-0.303,0.04,5tdraf3qwn,3o3erbdyjv
218,-0.023,-0.008,-0.026000000000000002,26,29,24,-0.28300000000000003,-0.34900000000000003,-0.40900000000000003,0.07100000000000001,5f0ykgr9df,8egqzledmy
219,-0.001,-0.015,-0.005,16,25,18,-0.36,-0.25,-0.4,0.059000000000000004,0mbg3ns579,xhti658o5h
220,-0.024,-0.024,-0.01,23,28,15,-0.436,-0.35000000000000003,-0.28700000000000003,0.031,g8noflns2s,d7nspepy36
221,-0.0,-0.014,-0.009000000000000001,21,17,20,-0.374,-0.352,-0.278,0.054,3cyq91wsy9,j1spln92vg
222,-0.028,-0.007,-0.023,22,21,17,-0.354,-0.446,-0.436,0.067,87nv5o0rqd,8x2q4qlodt
223,-0.006,-0.009000000000000001,-0.004,29,18,24,-0.295,-0.423,-0.353,0.059000000000000004,s9g3duev6w,6o8doxrp4a
224,-0.001,-0.014,-0.004,16,27,26,-0.306,-0.28700000000000003,-0.263,0.044,cixp7fr2t6,x2zg7m4tfq
225,-0.003,-0.0,-0.003,17,29,24,-0.375,-0.342,-0.324,0.067,oi5nk6n6nv,qjmeqj3fxu
226,-0.0,-0.029,-0.017,21,15,18,-0.293,-0.306,-0.312,0.044,r6dw2e8sa3,u8dctzqyte
227,-0.029,-0.005,-0.017,15,22,29,-0.354,-0.279,-0.357,0.079,u04wmlikdm,6p5s07j0qc
228,-0.023,-0.009000000000000001,-0.018000000000000002,29,26,19,-0.343,-0.342,-0.27,0.036000000000000004,4e18rjjnus,v4rw38itof
229,-0.0,-0.016,-0.012,28,17,25,-0.28300000000000003,-0.399,-0.41200000000000003,0.067,5n6koe2ehu,a9dtfjcr18
230,-0.009000000000000001,-0.002,-0.021,15,25,29,-0.41400000000000003,-0.34400000000000003,-0.37,0.074,509vmc4kl7,0sdzqpsk1b
231,-0.027,-0.016,-0.006,16,19,26,-0.378,-0.396,-0.391,0.07100000000000001,rxyqi3n6c8,3sn8hgqak8
232,-0.017,-0.004,-0.002,20,18,26,-0.257,-0.309,-0.433,0.023,h3ca5mizzz,4w246tb5y7
233,-0.004,-0.014,-0.026000000000000002,16,20,28,-0.343,-0.297,-0.331,0.03,fpy9p2hhbj,ucmr95eae4
234,-0.01,-0.028,-0.005,27,27,22,-0.449,-0.444,-0.321,0.048,w6l856h4r4,c8583ajesy
235,-0.022,-0.028,-0.001,21,19,26,-0.41000000000000003,-0.277,-0.339,0.062,w55ba37irm,zupohb1dfc
236,-0.0,-0.024,-0.028,29,24,24,-0.303,-0.422,-0.28,0.054,7mav3lydlu,dw9fhdmicb
237,-0.021,-0.002,-0.004,26,24,18,-0.387,-0.435,-0.385,0.052000000000000005,h25gd7j2bl,ggz3vjvrqz
238,-0.013000000000000001,-0.018000000000000002,-0.004,16,23,24,-0.257,-0.318,-0.357,0.026000000000000002,p1htk1zjy5,eedoh9wokm
239,-0.013000000000000001,-0.026000000000000002,-0.007,24,22,22,-0.34900000000000003,-0.404,-0.34400000000000003,0.055,68ju5unsh6,os5rwmvk8z
240,-0.017,-0.021,-0.011,17,22,17,-0.382,-0.41300000000000003,-0.28200000000000003,0.046,0rnt40aw31,xtb2av3xtj
241,-0.013000000000000001,-0.004,-0.014,17,25,25,-0.272,-0.269,-0.41300000000000003,0.051000000000000004,8lhfghf3s4,l6kehmhbbm
242,-0.001,-0.0,-0.016,29,25,22,-0.326,-0.265,-0.433,0.073,jpk740yrxe,beljdeesr0
243,-0.026000000000000002,-0.009000000000000001,-0.029,27,27,19,-0.41500000000000004,-0.308,-0.292,0.054,pfyzzcb2zu,l2cnjhljhz
244,-0.023,-0.017,-0.012,18,15,27,-0.302,-0.281,-0.447,0.041,avqidztquo,ky2mcuzeml
245,-0.02,-0.018000000000000002,-0.008,28,27,28,-0.364,-0.309,-0.391,0.046,4utmrd85p1,fjv7j37gcp
246,-0.021,-0.02,-0.007,16,20,18,-0.35100000000000003,-0.319,-0.275,0.077,jtya9ylitx,9v724lqmnw
247,-0.004,-0.015,-0.0,17,27,18,-0.396,-0.371,-0.27,0.07200000000000001,1zyjqgeuzt,tppk5w58h7
248,-0.007,-0.023,-0.009000000000000001,24,19,20,-0.28200000000000003,-0.258,-0.326,0.068,3up2ayp21y,d1ajs2eykx
249,-0.005,-0.014,-0.013000000000000001,18,22,16,-0.388,-0.37,-0.267,0.073,naficdc81w,ofyl5p5ati
250,-0.012,-0.017,-0.012,25,23,18,-0.433,-0.276,-0.438,0.07100000000000001,icfu2t8ojz,kdzgeo9hlx
251,-0.006,-0.021,-0.014,20,22,26,-0.442,-0.307,-0.317,0.076,qrmmgv1j4n,fr4oe5e6jv
252,-0.029,-0.018000000000000002,-0.007,26,25,24,-0.448,-0.398,-0.429,0.058,wbyupqxlj2,vetif6xemw
253,-0.022,-0.003,-0.014,18,19,20,-0.41400000000000003,-0.299,-0.41400000000000003,0.037,td45ls0un0,1lpgdos38j
254,-0.009000000000000001,-0.028,-0.012,15,25,19,-0.262,-0.402,-0.398,0.045,qdm5mqqklk,qa7zu1b51z
255,-0.027,-0.0,-0.012,18,18,15,-0.269,-0.41200000000000003,-0.265,0.032,hdbxfkuyyg,h0prr895f3
256,-0.021,-0.002,-0.025,25,26,28,-0.302,-0.28300000000000003,-0.365,0.052000000000000005,el519vq6ot,n8aw0w17el
257,-0.004,-0.028,-0.011,21,19,16,-0.297,-0.384,-0.41600000000000004,0.058,ey222b6552,edeg7jyguo
258,-0.017,-0.005,-0.001,22,26,29,-0.371,-0.39,-0.373,0.069,l5wyromej6,68jicig4jm
259,-0.005,-0.021,-0.028,25,26,23,-0.358,-0.311,-0.43,0.055,hbiuw28hzc,qekowfaq0q
260,-0.006,-0.009000000000000001,-0.004,16,17,29,-0.26,-0.303,-0.259,0.048,7xjafaopy0,wtp5uldjsb
261,-0.013000000000000001,-0.012,-0.021,28,26,23,-0.337,-0.314,-0.38,0.024,h9nhots6l0,jdtafk7z9d
262,-0.004,-0.029,-0.0,27,21,20,-0.363,-0.281,-0.314,0.063,nb84sbcgo1,y41n8pnhy5
263,-0.016,-0.016,-0.018000000000000002,23,20,16,-0.439,-0.331,-0.273,0.039,wd6sv02lcz,qe1oxjjjc3
264,-0.013000000000000001,-0.004,-0.002,16,24,15,-0.269,-0.262,-0.303,0.066,55hoof87nh,fjf2t0sece
265,-0.001,-0.001,-0.008,23,24,24,-0.354,-0.263,-0.381,0.029,8jpev6cndm,3cqtq259mr
266,-0.028,-0.025,-0.003,25,29,29,-0.256,-0.269,-0.264,0.049,emwmk1w1tn,6mr0xy6pg2
267,-0.008,-0.007,-0.014,25,16,22,-0.417,-0.371,-0.401,0.048,0vvj5mhkl6,m6y3url556
268,-0.007,-0.017,-0.0,21,21,15,-0.267,-0.387,-0.331,0.044,22o3wmvi3c,oxymsb1bj3
269,-0.013000000000000001,-0.012,-0.003,27,29,19,-0.315,-0.258,-0.422,0.025,5f9qmrbm6a,apfmbuopqq
270,-0.002,-0.005,-0.011,29,18,15,-0.342,-0.312,-0.32,0.041,lqqtkynilr,4otp3081rs
271,-0.007,-0.028,-0.014,20,27,19,-0.251,-0.366,-0.34500000000000003,0.036000000000000004,0kajyi8rlh,u6csgoyg1r
272,-0.024,-0.001,-0.018000000000000002,25,21,20,-0.41200000000000003,-0.274,-0.342,0.062,8ucpwsyyug,ve5qq5y3n0
273,-0.009000000000000001,-0.008,-0.024,21,16,18,-0.28200000000000003,-0.341,-0.423,0.079,5be1gtrcly,koa6nlfu08
274,-0.0,-0.024,-0.026000000000000002,21,18,20,-0.435,-0.302,-0.34600000000000003,0.064,y526w7ek3f,27qxxis6ky
275,-0.005,-0.019,-0.015,17,15,27,-0.437,-0.318,-0.258,0.051000000000000004,o1aw9xcrfv,t933l5dwyz
276,-0.016,-0.009000000000000001,-0.022,26,22,25,-0.292,-0.354,-0.34800000000000003,0.028,y6n4mj2i5i,k7e3zksjsp
277,-0.002,-0.024,-0.008,23,19,28,-0.263,-0.26,-0.446,0.035,59zkh34ff1,gowx70hkp2
278,-0.001,-0.003,-0.028,29,21,27,-0.385,-0.431,-0.289,0.051000000000000004,dryz4bmrp7,aadulsnn9r
279,-0.001,-0.025,-0.026000000000000002,24,21,22,-0.446,-0.403,-0.377,0.058,j7ry6bfq9k,y1obt3okjx
280,-0.005,-0.026000000000000002,-0.017,21,23,17,-0.422,-0.41000000000000003,-0.419,0.077,vz7ddcw448,owkg6r7r0s
281,-0.0,-0.021,-0.009000000000000001,23,18,15,-0.441,-0.299,-0.299,0.07100000000000001,ouf4wzfw36,9jdtlj5y05
282,-0.028,-0.017,-0.015,25,26,22,-0.259,-0.339,-0.327,0.038,ap8bc98fec,bjh8b5k52u
283,-0.007,-0.021,-0.008,15,20,18,-0.269,-0.385,-0.368,0.025,3r1hj5ujmm,zq0shlc12k
284,-0.01,-0.012,-0.014,28,29,24,-0.378,-0.308,-0.397,0.047,pqx1yvt7v5,00a6kl29w7
285,-0.0,-0.008,-0.006,19,24,26,-0.281,-0.34,-0.444,0.046,uw2zad6n07,9xev8nzwly
286,-0.019,-0.017,-0.024,19,23,15,-0.429,-0.335,-0.376,0.028,uzn0syimxl,fvbnl5evk1
287,-0.026000000000000002,-0.015,-0.016,24,19,28,-0.253,-0.326,-0.27,0.046,iydyz959dz,wzc6sf9snt
288,-0.025,-0.016,-0.016,19,17,20,-0.271,-0.31,-0.278,0.025,gmn42bokea,4h7qyjit8w
289,-0.002,-0.0,-0.025,18,26,15,-0.339,-0.427,-0.327,0.049,7k5fr4af6u,wl1j2y06xa
290,-0.001,-0.015,-0.029,18,29,18,-0.28,-0.383,-0.364,0.061,7zz623nmhk,8ih4ipxwyv
291,-0.026000000000000002,-0.017,-0.009000000000000001,19,20,20,-0.368,-0.28500000000000003,-0.419,0.044,q79z2jd8ro,tqeo10i3y2
292,-0.016,-0.026000000000000002,-0.009000000000000001,29,20,26,-0.401,-0.265,-0.321,0.046,ujdgh6at93,eyp89t45ay
293,-0.028,-0.02,-0.014,17,19,21,-0.428,-0.34900000000000003,-0.362,0.047,l7hv5xsmi6,kqt19nkwci
294,-0.024,-0.013000000000000001,-0.02,21,26,15,-0.352,-0.316,-0.293,0.068,yf8676qtas,6m4xb12sbi
295,-0.004,-0.006,-0.001,23,28,15,-0.364,-0.39,-0.327,0.069,mjaq0s19yt,ic15f27o9g
296,-0.007,-0.002,-0.01,27,27,23,-0.321,-0.273,-0.28400000000000003,0.057,hvppyy8tk2,ya0nc54zub
297,-0.022,-0.026000000000000002,-0.024,18,22,20,-0.376,-0.378,-0.387,0.07100000000000001,scd59392hz,s26sckm4f9
298,-0.011,-0.005,-0.027,29,18,16,-0.402,-0.391,-0.25,0.032,dxbl5q77f7,klpnvqo147
299,-0.025,-0.002,-0.002,20,21,16,-0.405,-0.383,-0.329,0.036000000000000004,ur21wiqkm1,9mqgqaga60
300,-0.013000000000000001,-0.029,-0.019,25,22,16,-0.273,-0.434,-0.358,0.076,ejv4zvqcvq,5rfz0shjja
301,-0.025,-0.029,-0.021,21,19,22,-0.303,-0.421,-0.395,0.021,xj6m2hnc6e,8ec73rdbgj
302,-0.01,-0.012,-0.021,21,22,17,-0.364,-0.35000000000000003,-0.252,0.06,12jyh1khun,lz9xromsmi
303,-0.012,-0.013000000000000001,-0.005,25,28,22,-0.34900000000000003,-0.254,-0.353,0.058,9xbo6wrvv7,airozn0x81
304,-0.011,-0.028,-0.002,20,28,19,-0.362,-0.353,-0.374,0.077,7ivshhywre,z24qupn76c
305,-0.028,-0.009000000000000001,-0.005,23,18,15,-0.421,-0.328,-0.309,0.077,b3s2rr0y42,s8i1nbymwy
306,-0.021,-0.002,-0.017,29,27,23,-0.371,-0.421,-0.4,0.063,uoz8zsd1hm,1a2dy0kpoc
307,-0.016,-0.011,-0.003,26,17,29,-0.396,-0.256,-0.39,0.063,cuc9quw033,pvqb95q65n
308,-0.015,-0.009000000000000001,-0.003,20,22,29,-0.369,-0.322,-0.365,0.052000000000000005,pn9andsjb9,irt8daq0ni
309,-0.011,-0.014,-0.02,19,25,15,-0.318,-0.338,-0.321,0.049,8zz771d6z6,kxpqhsmaaf
310,-0.021,-0.005,-0.026000000000000002,29,21,16,-0.4,-0.443,-0.31,0.043000000000000003,8vlawvgefb,1sdfl1ivfg
311,-0.019,-0.002,-0.028,27,18,16,-0.28800000000000003,-0.333,-0.28300000000000003,0.065,htqz2hnqf8,t0pbbuqljw
312,-0.028,-0.029,-0.012,16,23,26,-0.365,-0.419,-0.31,0.07100000000000001,bg38ky5lju,bcquen63t5
313,-0.015,-0.024,-0.002,18,23,21,-0.442,-0.41400000000000003,-0.302,0.068,fzap63aw4g,mel1kulp5d
314,-0.027,-0.001,-0.022,29,16,29,-0.392,-0.341,-0.252,0.045,h1whzgo6ll,yc3irzif6a
315,-0.017,-0.009000000000000001,-0.013000000000000001,15,20,19,-0.443,-0.307,-0.389,0.025,pdw1r9mth4,i6393mi4pa
316,-0.023,-0.005,-0.013000000000000001,17,29,29,-0.371,-0.356,-0.403,0.052000000000000005,2kd7an44zk,seua32he4q
317,-0.003,-0.012,-0.026000000000000002,18,17,23,-0.35000000000000003,-0.353,-0.406,0.056,spj4aco8mq,egvjxgpt5i
318,-0.001,-0.026000000000000002,-0.012,19,16,23,-0.391,-0.373,-0.383,0.036000000000000004,4w54aexx8e,yjb9rabi4e
319,-0.014,-0.007,-0.019,20,17,26,-0.379,-0.289,-0.35000000000000003,0.077,x199zi2vnp,qa044r5s3p
320,-0.014,-0.013000000000000001,-0.013000000000000001,19,15,22,-0.304,-0.273,-0.322,0.079,81rzzhwy4d,7gh56gk40d
321,-0.005,-0.024,-0.008,26,29,22,-0.311,-0.429,-0.289,0.044,s8raq1hte1,4dm5fzxquj
322,-0.006,-0.02,-0.011,23,16,23,-0.422,-0.403,-0.393,0.067,hgjvrf1bx8,gsflrk5uqf
323,-0.027,-0.019,-0.005,27,20,18,-0.333,-0.38,-0.291,0.077,i7jlghi1em,kqt6akxoez
324,-0.011,-0.02,-0.026000000000000002,18,17,19,-0.41300000000000003,-0.40900000000000003,-0.372,0.027,1ggdkydhbq,8hv29io1ad
325,-0.029,-0.019,-0.02,17,20,22,-0.295,-0.401,-0.303,0.046,q4z9filqmc,gqiwu8mns5
326,-0.005,-0.007,-0.011,29,17,15,-0.309,-0.367,-0.27,0.037,18cd5r0vgz,hsf17zumau
327,-0.009000000000000001,-0.028,-0.012,29,21,26,-0.28700000000000003,-0.31,-0.397,0.025,xntfvv4b60,29j9l2v8op
328,-0.023,-0.026000000000000002,-0.024,20,16,20,-0.363,-0.40900000000000003,-0.34400000000000003,0.075,lyouj6d4ro,d8r1se9v6f
329,-0.017,-0.027,-0.003,29,19,18,-0.35100000000000003,-0.259,-0.447,0.036000000000000004,b3ni893mpq,a3hlppa4i7
330,-0.02,-0.016,-0.028,17,22,25,-0.262,-0.293,-0.26,0.059000000000000004,xura2pxti0,syinrtfl3p
331,-0.011,-0.018000000000000002,-0.003,25,17,21,-0.405,-0.39,-0.326,0.031,cdpdlr6e6m,qw5ee5z2ja
332,-0.027,-0.002,-0.001,27,24,29,-0.262,-0.429,-0.363,0.065,xefqp4rcbq,se8jlh4txt
333,-0.003,-0.008,-0.004,26,26,20,-0.314,-0.393,-0.425,0.035,szhvhhyz5w,aarzounf3r
334,-0.01,-0.0,-0.012,18,28,25,-0.301,-0.427,-0.384,0.075,ul9ijp3vhz,yvkr4j6bdw
335,-0.002,-0.015,-0.01,25,26,27,-0.40700000000000003,-0.403,-0.352,0.047,bvgfumlbns,89g4emgf01
336,-0.001,-0.001,-0.021,27,24,26,-0.371,-0.255,-0.261,0.026000000000000002,wo4qgwe6wj,ar5win6qut
337,-0.001,-0.018000000000000002,-0.003,21,25,24,-0.371,-0.256,-0.266,0.056,vuei7shbco,1ck2wesd5l
338,-0.005,-0.029,-0.025,22,20,15,-0.359,-0.449,-0.436,0.036000000000000004,02ak4kgy3q,l4i2soqzju
339,-0.01,-0.012,-0.005,15,18,28,-0.403,-0.337,-0.439,0.056,x532vmpcof,amh6zjndb2
340,-0.014,-0.019,-0.027,27,21,27,-0.419,-0.28600000000000003,-0.28200000000000003,0.055,qxm9lyyj43,ihgfu274rg
341,-0.001,-0.008,-0.023,21,25,17,-0.359,-0.299,-0.379,0.061,y15foeyl06,0trrfjd4ai
342,-0.019,-0.011,-0.026000000000000002,20,18,28,-0.307,-0.361,-0.384,0.032,o1yjjyfhws,fm1lhpgq41
343,-0.024,-0.013000000000000001,-0.019,23,16,18,-0.323,-0.43,-0.391,0.07,oukt5svbap,958bp36hwf
344,-0.029,-0.024,-0.007,18,27,25,-0.298,-0.269,-0.449,0.041,h63uqmo3b3,t3814nisyd
345,-0.019,-0.018000000000000002,-0.022,26,28,26,-0.405,-0.34400000000000003,-0.321,0.064,doaoaud5ve,fzub292v95
346,-0.02,-0.001,-0.023,28,27,25,-0.34800000000000003,-0.281,-0.311,0.04,p49mf80go7,ul521x07pr
347,-0.024,-0.023,-0.025,24,26,16,-0.292,-0.353,-0.294,0.023,kaa37vlutp,jgdhxxjr3c
348,-0.011,-0.024,-0.018000000000000002,20,16,26,-0.387,-0.426,-0.404,0.045,aakqhsrn8j,k43axedbc1
349,-0.001,-0.023,-0.024,25,19,25,-0.253,-0.275,-0.355,0.074,atb8yzrja3,shbkmlt34s
350,-0.029,-0.025,-0.025,26,19,27,-0.295,-0.371,-0.296,0.035,hohpi0w612,93jnsnv960
351,-0.02,-0.009000000000000001,-0.013000000000000001,27,29,20,-0.333,-0.267,-0.393,0.035,84e2lckmab,b5zq464h3f
352,-0.028,-0.014,-0.011,25,22,29,-0.326,-0.298,-0.34900000000000003,0.064,nydfhbf2wa,d8qcs944wd
353,-0.016,-0.012,-0.008,29,16,17,-0.292,-0.329,-0.343,0.07100000000000001,kqqmy8iwfc,1w0nn5jdqx
354,-0.023,-0.023,-0.009000000000000001,18,17,26,-0.277,-0.29,-0.418,0.054,453rn7ckxp,k995sdtcjl
355,-0.004,-0.022,-0.005,29,21,17,-0.446,-0.367,-0.424,0.054,4az11ywvj9,gzmimmje7o
356,-0.003,-0.021,-0.028,23,18,17,-0.291,-0.417,-0.28500000000000003,0.054,phtpco80w2,4sx2l0e1vq
357,-0.0,-0.013000000000000001,-0.024,24,15,23,-0.291,-0.379,-0.369,0.07,q4vt4dk8gv,zogiu6qy5x
358,-0.016,-0.015,-0.022,24,28,25,-0.34500000000000003,-0.273,-0.301,0.024,qj6i2r4nt1,hsnwffcwuz
359,-0.019,-0.005,-0.001,24,23,28,-0.28700000000000003,-0.40900000000000003,-0.39,0.061,5ivsjpdrwm,0nxyn58f2h
360,-0.025,-0.006,-0.011,26,18,27,-0.388,-0.28700000000000003,-0.258,0.037,r2nbou0d8e,k71yj9obat
361,-0.014,-0.024,-0.005,23,26,26,-0.305,-0.361,-0.268,0.07,7nto17vap7,ompfpyd047
362,-0.021,-0.018000000000000002,-0.007,20,20,28,-0.393,-0.28400000000000003,-0.373,0.041,oc6lpcxwwa,hdqltx95nc
363,-0.014,-0.002,-0.006,27,20,28,-0.305,-0.34800000000000003,-0.32,0.061,3gbs079v3y,60udnhftrq
364,-0.005,-0.024,-0.002,20,27,19,-0.3,-0.337,-0.333,0.066,nybc5pu2oa,h32xz5zaj7
365,-0.012,-0.004,-0.02,17,22,27,-0.444,-0.28700000000000003,-0.446,0.051000000000000004,vwgyzvl4bv,e1vy9cj23w
366,-0.016,-0.026000000000000002,-0.003,29,22,15,-0.319,-0.277,-0.305,0.059000000000000004,326gis38gc,qdm0eeu5ji
367,-0.027,-0.019,-0.0,17,24,29,-0.302,-0.294,-0.387,0.031,o5n60wy9ba,f399ytxkgj
368,-0.008,-0.019,-0.017,25,22,27,-0.299,-0.31,-0.37,0.076,3qqkgv7rro,n9k4hl2hrh
369,-0.025,-0.0,-0.005,19,17,23,-0.358,-0.401,-0.448,0.07,4bo1sk6e7m,x0ste0qy4a
370,-0.017,-0.003,-0.014,29,15,25,-0.275,-0.299,-0.384,0.076,fapwb8uly6,kdkpnhjx4n
371,-0.006,-0.028,-0.007,22,25,25,-0.273,-0.374,-0.257,0.038,ms9ez7yk1a,1ze7uox2pp
372,-0.027,-0.021,-0.016,17,19,29,-0.448,-0.394,-0.308,0.039,xyntazjqdv,ptyyft0ybp
373,-0.022,-0.009000000000000001,-0.01,29,23,22,-0.258,-0.357,-0.28200000000000003,0.069,7rzunrvnyt,2thajoxtcx
374,-0.027,-0.009000000000000001,-0.012,20,26,25,-0.396,-0.39,-0.273,0.052000000000000005,b8ft1ido22,zurrp6aei1
375,-0.022,-0.017,-0.014,19,29,22,-0.418,-0.399,-0.436,0.052000000000000005,k1psxva95c,5p0udftvr2
376,-0.013000000000000001,-0.026000000000000002,-0.005,27,16,19,-0.26,-0.364,-0.374,0.077,nsxmv7h94y,lagkuppmf6
377,-0.022,-0.015,-0.016,15,15,19,-0.335,-0.254,-0.294,0.078,y3wmpe4lkw,sudpig8fyg
378,-0.029,-0.008,-0.005,27,27,26,-0.328,-0.383,-0.257,0.059000000000000004,fb5fm2l2fz,v110vt4q3i
379,-0.004,-0.012,-0.015,18,16,19,-0.424,-0.398,-0.384,0.048,9brnygk1e6,632c15uujb
380,-0.018000000000000002,-0.007,-0.017,21,27,16,-0.327,-0.292,-0.363,0.073,ftardup03b,rc27ja6evt
381,-0.009000000000000001,-0.014,-0.015,20,18,23,-0.4,-0.302,-0.333,0.043000000000000003,4y0t2abx6i,iocmgeimgb
382,-0.018000000000000002,-0.0,-0.02,23,25,19,-0.253,-0.354,-0.26,0.027,ymn81gal20,3rqw9qgxsp
383,-0.019,-0.022,-0.008,21,28,26,-0.4,-0.27,-0.28200000000000003,0.033,0evt34vbsg,evo5v86dbs
384,-0.012,-0.024,-0.029,28,24,29,-0.354,-0.33,-0.34600000000000003,0.039,vioejz0641,gu0n07l56s
385,-0.004,-0.028,-0.004,19,17,16,-0.323,-0.432,-0.338,0.031,xaf3hw101j,or85ts9aa5
386,-0.0,-0.027,-0.001,22,18,22,-0.377,-0.324,-0.337,0.035,qu4eww2wzl,27vnk7zshd
387,-0.029,-0.018000000000000002,-0.018000000000000002,16,22,15,-0.34700000000000003,-0.445,-0.337,0.046,vhsuzakibl,omqa8r8f2d
388,-0.027,-0.014,-0.012,24,15,17,-0.361,-0.333,-0.291,0.029,4yrctagyxb,xwu0f0azmc
389,-0.011,-0.005,-0.002,27,28,20,-0.314,-0.341,-0.367,0.022,wbqg4veu2o,nbcpm86ot2
390,-0.016,-0.013000000000000001,-0.025,26,28,27,-0.418,-0.311,-0.28400000000000003,0.043000000000000003,649oe20wlc,zeon1sn395
391,-0.015,-0.026000000000000002,-0.014,15,22,15,-0.272,-0.291,-0.399,0.065,qwqi98l641,m9g2yttjny
392,-0.003,-0.011,-0.014,18,23,21,-0.376,-0.357,-0.28500000000000003,0.026000000000000002,43re19mio1,iuhq0wb1z5
393,-0.003,-0.01,-0.025,21,26,25,-0.269,-0.363,-0.328,0.075,5we5em1bun,2ls7sv42gf
394,-0.003,-0.028,-0.018000000000000002,18,16,22,-0.25,-0.41400000000000003,-0.41400000000000003,0.076,cvlz5pxgcf,2skivlizeg
395,-0.023,-0.006,-0.024,27,28,17,-0.359,-0.336,-0.298,0.068,rw89zazguq,kd6q657783
396,-0.016,-0.019,-0.023,24,22,23,-0.32,-0.257,-0.372,0.064,ky3wt8wk5z,7bfcorkyl0
397,-0.017,-0.0,-0.003,16,23,21,-0.278,-0.405,-0.355,0.061,k15wr4c6z9,bx3j115f5b
398,-0.01,-0.006,-0.023,24,22,17,-0.305,-0.427,-0.269,0.062,bgcm28dmdc,8mgnxa9115
399,-0.028,-0.026000000000000002,-0.01,19,21,20,-0.314,-0.302,-0.299,0.063,7hfcjnjqxw,el3v1efjav
400,-0.025,-0.01,-0.007,25,24,21,-0.384,-0.305,-0.264,0.029,f90gfz7bwg,1r06f1v0hm
401,-0.002,-0.02,-0.021,16,29,29,-0.40800000000000003,-0.37,-0.28600000000000003,0.045,40jq5vdl45,2kv1wqm48i
402,-0.016,-0.007,-0.001,25,22,17,-0.28700000000000003,-0.426,-0.34800000000000003,0.061,qca5ud8egz,f0da4d6gfu
403,-0.005,-0.013000000000000001,-0.017,20,17,19,-0.271,-0.378,-0.438,0.031,t5jvbnexse,8kodddmxiy
404,-0.029,-0.001,-0.011,28,26,19,-0.428,-0.293,-0.256,0.043000000000000003,jdv94f7b33,kz25fwyqab
405,-0.005,-0.014,-0.029,17,24,19,-0.439,-0.331,-0.389,0.041,ln8ddlhs3a,ehi1vm7x04
406,-0.018000000000000002,-0.025,-0.014,18,22,21,-0.41100000000000003,-0.335,-0.336,0.043000000000000003,sybj5zhg6i,3iq57uuaz9
407,-0.01,-0.023,-0.009000000000000001,19,25,22,-0.297,-0.323,-0.268,0.04,clihsn8ftt,fjk8beusg1
408,-0.001,-0.021,-0.025,26,24,24,-0.311,-0.312,-0.367,0.025,1tvn0f3ibd,u7tyykof75
409,-0.025,-0.024,-0.018000000000000002,26,28,27,-0.342,-0.331,-0.424,0.078,bo3wqb78yf,6hd94q7o81
410,-0.0,-0.026000000000000002,-0.027,17,24,27,-0.41400000000000003,-0.298,-0.441,0.025,igi4ac50ri,pj1gofpgn6
411,-0.008,-0.007,-0.011,23,18,15,-0.331,-0.433,-0.28800000000000003,0.062,ur1d33fbyf,wr6n14xtq4
412,-0.019,-0.02,-0.023,16,26,25,-0.354,-0.319,-0.312,0.057,odtlsgqa8o,3kcam0873i
413,-0.007,-0.026000000000000002,-0.009000000000000001,29,26,29,-0.378,-0.402,-0.271,0.076,4woqkv4yar,xmlndf4dav
414,-0.003,-0.022,-0.026000000000000002,16,17,23,-0.377,-0.34600000000000003,-0.28600000000000003,0.055,6j149q8in7,j27jcv59zq
415,-0.021,-0.0,-0.026000000000000002,28,23,26,-0.385,-0.404,-0.36,0.077,4atvn4gyk2,dpclhznmf3
416,-0.006,-0.02,-0.003,22,15,28,-0.295,-0.307,-0.374,0.041,0z8vs0ojul,5om42zphpf
417,-0.011,-0.012,-0.028,17,16,29,-0.316,-0.308,-0.436,0.024,m49bleycj6,412qkt81os
418,-0.023,-0.0,-0.027,26,23,22,-0.321,-0.31,-0.28700000000000003,0.056,r2nslchut9,ievaw9kwvr
419,-0.019,-0.002,-0.012,23,19,20,-0.357,-0.367,-0.279,0.02,ezd715f2ac,1ea6vs4xfm
420,-0.027,-0.001,-0.024,16,21,23,-0.369,-0.44,-0.356,0.038,w35jg54z5z,lgb8iba0di
421,-0.018000000000000002,-0.003,-0.001,19,27,20,-0.376,-0.34500000000000003,-0.401,0.07200000000000001,x4vbhdusyt,uf3zuma4j0
422,-0.028,-0.025,-0.012,22,24,24,-0.35100000000000003,-0.41200000000000003,-0.38,0.032,hcaftd3mn1,pph1gagbyd
423,-0.027,-0.027,-0.021,29,26,23,-0.403,-0.449,-0.263,0.027,dssn7zbhz5,6b2pn02ob0
424,-0.024,-0.015,-0.017,24,28,23,-0.372,-0.274,-0.379,0.078,cj97tl1oos,srl5p7amkg
425,-0.027,-0.028,-0.025,16,25,17,-0.34,-0.255,-0.296,0.077,d3dc3moa8v,vrcw7gjtcc
426,-0.0,-0.022,-0.025,21,21,17,-0.365,-0.299,-0.319,0.021,0q2nhyt1r2,0zyfsme68t
427,-0.009000000000000001,-0.007,-0.006,28,15,19,-0.417,-0.273,-0.255,0.073,feaj4wd98d,s0d2iro0w9
428,-0.02,-0.025,-0.0,27,21,25,-0.427,-0.314,-0.275,0.053,409p9sd09i,syha5cxtck
429,-0.027,-0.004,-0.008,23,21,27,-0.31,-0.35000000000000003,-0.434,0.064,yw7s2yzbzr,7s4zaapcyh
430,-0.009000000000000001,-0.015,-0.017,29,25,20,-0.34600000000000003,-0.254,-0.385,0.047,rjporithvd,ylqf5on6mm
431,-0.029,-0.011,-0.017,22,22,23,-0.294,-0.437,-0.34600000000000003,0.039,9wcp0wlc3g,hyf5q9clkk
432,-0.019,-0.012,-0.021,23,16,20,-0.34700000000000003,-0.434,-0.34600000000000003,0.047,kequl96e5e,8ip3cyt4bq
433,-0.0,-0.028,-0.015,25,24,20,-0.423,-0.34,-0.266,0.054,a9qto3n0bb,sa20r6bpmo
434,-0.0,-0.028,-0.011,15,28,18,-0.37,-0.317,-0.31,0.065,0j6webjs21,w4anum2kmg
435,-0.02,-0.013000000000000001,-0.018000000000000002,20,17,25,-0.278,-0.383,-0.25,0.024,vtcmxisox1,9xfkoqys9e
436,-0.008,-0.017,-0.015,22,24,19,-0.41200000000000003,-0.279,-0.41000000000000003,0.074,03udc07y61,c54gx0hvqi
437,-0.027,-0.022,-0.017,25,23,27,-0.436,-0.385,-0.383,0.066,opzfb33z62,lqgrqab3yg
438,-0.029,-0.0,-0.012,25,27,19,-0.341,-0.417,-0.274,0.06,i2iwcghzla,cma66lossx
439,-0.003,-0.024,-0.02,15,16,20,-0.326,-0.325,-0.259,0.055,egdv5qmstu,pirng5rmq4
440,-0.022,-0.0,-0.022,16,23,27,-0.34,-0.393,-0.447,0.063,8yeu55qw1u,fszat69op8
441,-0.002,-0.004,-0.02,23,28,15,-0.269,-0.338,-0.267,0.058,q5hu0a5cw8,radfxgmznz
442,-0.012,-0.021,-0.007,22,17,18,-0.296,-0.327,-0.404,0.046,jq8o3yu1hy,sv0b32b5k1
443,-0.007,-0.018000000000000002,-0.003,17,23,21,-0.306,-0.446,-0.389,0.04,uo8x53o7e8,whuy187f9v
444,-0.007,-0.014,-0.009000000000000001,29,15,20,-0.37,-0.41400000000000003,-0.312,0.052000000000000005,6xq6wivdcx,w2xtsmhxl7
445,-0.015,-0.024,-0.01,25,26,22,-0.40900000000000003,-0.331,-0.389,0.057,it2cos4mo5,dax7eq6t3f
446,-0.015,-0.004,-0.012,25,20,19,-0.386,-0.272,-0.378,0.034,qiu7bgkbtb,4mezu50g5i
447,-0.006,-0.0,-0.027,20,19,17,-0.325,-0.297,-0.315,0.062,aft3252gqe,kaob0dmtnr
448,-0.022,-0.015,-0.024,26,25,24,-0.34500000000000003,-0.388,-0.34700000000000003,0.02,k8d659ul3n,6umu5wwbd1
449,-0.021,-0.015,-0.011,21,25,23,-0.361,-0.258,-0.428,0.021,p4vf59pesh,u8p98zz9ox
450,-0.013000000000000001,-0.017,-0.02,27,28,22,-0.397,-0.308,-0.358,0.052000000000000005,4l7h9f77lh,aqeosgcsls
451,-0.012,-0.0,-0.001,29,21,27,-0.39,-0.34600000000000003,-0.34,0.041,i1jax0ywc0,ycqoxnu2cw
452,-0.021,-0.017,-0.017,22,15,18,-0.433,-0.315,-0.34700000000000003,0.029,olmu0rhqau,2bcexuwkh1
453,-0.027,-0.026000000000000002,-0.028,26,15,25,-0.262,-0.321,-0.307,0.051000000000000004,yqvdcltdr7,rj24y996bw
454,-0.001,-0.011,-0.017,29,19,26,-0.428,-0.297,-0.335,0.023,7xafqwqzpt,umqa4jqszo
455,-0.0,-0.018000000000000002,-0.017,16,20,17,-0.40900000000000003,-0.432,-0.356,0.064,vph2sfuydv,6f6cgfzsng
456,-0.007,-0.005,-0.019,18,21,29,-0.445,-0.432,-0.374,0.036000000000000004,7c6p506w3q,tlg1iv8yyp
457,-0.014,-0.003,-0.024,23,17,24,-0.273,-0.404,-0.34600000000000003,0.078,9n7c6zwiwp,xyqmdmuz99
458,-0.0,-0.006,-0.028,20,22,21,-0.316,-0.41600000000000004,-0.343,0.029,9jcbh0fy76,yq42iyx85j
459,-0.026000000000000002,-0.003,-0.004,19,17,26,-0.264,-0.322,-0.372,0.062,7azniommr4,5l62927813
460,-0.027,-0.008,-0.022,19,22,18,-0.384,-0.391,-0.34400000000000003,0.07100000000000001,aq3dwuonuc,nm74jxyvfx
461,-0.002,-0.013000000000000001,-0.006,17,19,15,-0.377,-0.258,-0.258,0.069,4pxjvl4k6i,j62bmd2pcf
462,-0.02,-0.01,-0.025,27,17,28,-0.449,-0.432,-0.327,0.02,19wzk1aybw,35jh5q3wi8
463,-0.0,-0.017,-0.008,26,24,15,-0.433,-0.33,-0.361,0.062,0k3nmri091,1ps467so39
464,-0.001,-0.017,-0.029,17,17,15,-0.41100000000000003,-0.28200000000000003,-0.319,0.076,35hjhbjacm,nt4x2vk2ue
465,-0.028,-0.026000000000000002,-0.015,28,16,24,-0.323,-0.28500000000000003,-0.303,0.06,ge1ar50cws,xxmijgj5xr
466,-0.017,-0.007,-0.02,20,27,29,-0.375,-0.389,-0.28200000000000003,0.067,uemczb9t2a,dvf888q0ww
467,-0.018000000000000002,-0.0,-0.009000000000000001,26,28,25,-0.358,-0.357,-0.256,0.074,lgw8pqbe7p,zl8c9x626k
468,-0.017,-0.0,-0.004,22,20,19,-0.388,-0.40900000000000003,-0.28400000000000003,0.068,s5wcvhdhya,azldw7kib0
469,-0.002,-0.023,-0.019,18,23,19,-0.425,-0.268,-0.339,0.061,5lurxgw93a,kwkhnyf76r
470,-0.002,-0.028,-0.017,23,23,19,-0.394,-0.385,-0.309,0.032,9dznlact3a,axvasbg93b
471,-0.011,-0.02,-0.023,21,25,16,-0.381,-0.257,-0.38,0.07,ctl6d6btm0,sguue930az
472,-0.026000000000000002,-0.023,-0.009000000000000001,20,25,17,-0.374,-0.256,-0.397,0.074,mqadkc7yw2,ahh2bul2r3
473,-0.022,-0.001,-0.01,16,27,25,-0.372,-0.352,-0.263,0.033,tawevtawi9,5lrzceuxwb
474,-0.015,-0.001,-0.015,29,21,20,-0.34600000000000003,-0.254,-0.428,0.037,j1skevqesv,bdmktffqhy
475,-0.022,-0.011,-0.009000000000000001,26,25,25,-0.371,-0.31,-0.366,0.078,nsytnvfg1u,4kqnk33u0h
476,-0.015,-0.029,-0.015,28,25,16,-0.418,-0.425,-0.374,0.065,q2guol2ggy,zjsdc78p4o
477,-0.013000000000000001,-0.025,-0.006,26,18,19,-0.28400000000000003,-0.43,-0.337,0.033,lbf3d4gera,rq68kcct8t
478,-0.009000000000000001,-0.005,-0.029,20,17,19,-0.4,-0.425,-0.28400000000000003,0.057,0zh3uckit4,19xefnzdt7
479,-0.007,-0.028,-0.008,24,25,27,-0.371,-0.321,-0.371,0.044,gusca29uvw,3yh2ac6xwv
480,-0.009000000000000001,-0.007,-0.013000000000000001,29,25,21,-0.279,-0.417,-0.328,0.02,aehhrf8dcd,25vfx8hp0r
481,-0.019,-0.004,-0.021,29,20,20,-0.275,-0.252,-0.316,0.03,eewoyhlnqy,jafg1v9tog
482,-0.022,-0.013000000000000001,-0.021,27,17,29,-0.439,-0.271,-0.336,0.047,18jjpj6q9u,ueb5fggpdi
483,-0.014,-0.012,-0.008,24,15,24,-0.271,-0.384,-0.425,0.046,xta4swcshv,62jj3tlb8x
484,-0.021,-0.006,-0.008,19,26,18,-0.276,-0.393,-0.439,0.07,0lt14l12wk,wgzf4zog2v
485,-0.022,-0.018000000000000002,-0.008,15,25,20,-0.319,-0.327,-0.352,0.02,ruah8quvzs,q8ekhxjy7s
486,-0.018000000000000002,-0.0,-0.004,19,26,22,-0.34500000000000003,-0.305,-0.366,0.065,73ib1rlg2p,leg7s4w0l5
487,-0.013000000000000001,-0.022,-0.005,19,26,16,-0.35000000000000003,-0.401,-0.334,0.052000000000000005,5vgvb89qae,85vau1vqpi
488,-0.014,-0.002,-0.016,23,20,26,-0.251,-0.281,-0.369,0.022,dwht47i50d,19dcnyltzw
489,-0.0,-0.013000000000000001,-0.004,24,17,17,-0.405,-0.41000000000000003,-0.44,0.077,ya48av6my1,mycz0tv2wo
490,-0.027,-0.004,-0.008,18,22,16,-0.28600000000000003,-0.363,-0.27,0.024,qaw27s3905,bu94ioxgpy
491,-0.029,-0.006,-0.029,20,23,16,-0.307,-0.25,-0.34700000000000003,0.029,02aan47w1h,ev2hz13uoz
492,-0.016,-0.021,-0.013000000000000001,20,27,25,-0.28500000000000003,-0.389,-0.329,0.042,a2xp7sf7ry,hc7535olu1
493,-0.023,-0.017,-0.013000000000000001,26,24,23,-0.293,-0.437,-0.274,0.077,m2na1xaf0b,sctxmlp9ek
494,-0.028,-0.006,-0.015,16,15,22,-0.31,-0.35100000000000003,-0.43,0.07,ga8eo6mldi,b47vextseh
495,-0.016,-0.0,-0.007,22,28,29,-0.41300000000000003,-0.419,-0.441,0.021,rhi4jne6y1,mfboemnd5f
496,-0.025,-0.015,-0.023,25,18,23,-0.366,-0.334,-0.357,0.049,5zp3z6h49s,m2n3bx3byy
497,-0.002,-0.026000000000000002,-0.011,18,15,27,-0.437,-0.392,-0.306,0.046,i28p2q0hsy,cuyi1xs95k
498,-0.01,-0.023,-0.014,20,29,20,-0.34,-0.332,-0.378,0.063,oxvdoone07,gpv2urh23d
499,-0.02,-0.018000000000000002,-0.012,16,23,17,-0.35000000000000003,-0.395,-0.396,0.052000000000000005,ctzihep0cg,mxeis27shm
500,-0.017,-0.01,-0.006,26,15,22,-0.352,-0.299,-0.343,0.044,038m5cksmj,8hus1egg7u
501,-0.0,-0.0,-0.024,27,22,16,-0.421,-0.422,-0.258,0.045,rovypo8uru,03qgbt3x3m
502,-0.017,-0.004,-0.029,18,17,19,-0.305,-0.41400000000000003,-0.34500000000000003,0.055,xteh87bo06,55xlw7l115
503,-0.014,-0.011,-0.005,15,27,25,-0.394,-0.353,-0.327,0.059000000000000004,mfngjw31ni,uyegmvobdk
504,-0.027,-0.028,-0.007,28,17,18,-0.329,-0.296,-0.294,0.062,wn79ojnbl3,2hhk2yp8r4
505,-0.008,-0.022,-0.005,26,29,23,-0.431,-0.28700000000000003,-0.312,0.023,j3ij6u6eed,jyv5jxpkcc
506,-0.016,-0.009000000000000001,-0.028,26,24,28,-0.342,-0.326,-0.321,0.069,jppon5rc97,fje56tg0dj
507,-0.015,-0.018000000000000002,-0.003,24,15,23,-0.271,-0.377,-0.391,0.07100000000000001,4tamlas11r,xm5f5wsagc
508,-0.005,-0.017,-0.029,19,26,24,-0.314,-0.338,-0.34600000000000003,0.026000000000000002,tewzcoioj7,2v8eajmgwa
509,-0.016,-0.008,-0.028,15,20,17,-0.404,-0.37,-0.40900000000000003,0.077,0laquef8rf,vkh81fn6ae
510,-0.02,-0.005,-0.022,15,16,20,-0.426,-0.42,-0.448,0.053,4kvtzw1zmk,45f32wwdqd
511,-0.008,-0.026000000000000002,-0.018000000000000002,24,16,24,-0.353,-0.319,-0.397,0.048,tjf1c6xrqp,lf0i3i84eu
512,-0.004,-0.0,-0.015,17,16,21,-0.386,-0.305,-0.318,0.024,7xokazkxq2,pswg7zro3t
513,-0.003,-0.025,-0.017,26,24,27,-0.392,-0.339,-0.281,0.055,ew8e1iuc2p,wja7yqxxy7
514,-0.002,-0.001,-0.022,25,23,19,-0.357,-0.338,-0.259,0.061,hbj1q3ubpg,14833gv2uz
515,-0.022,-0.014,-0.028,25,20,19,-0.448,-0.29,-0.393,0.045,4brci2clfa,2cwss5dsxl
516,-0.002,-0.016,-0.026000000000000002,29,22,17,-0.279,-0.317,-0.28,0.07100000000000001,h3lkyj1ur7,dem42me9n2
517,-0.015,-0.005,-0.008,28,22,26,-0.391,-0.258,-0.291,0.077,3n0fa04sau,9hyuo6lzt5
518,-0.023,-0.011,-0.018000000000000002,23,24,26,-0.403,-0.252,-0.303,0.057,hoko5y3ie1,yvwqgi6006
519,-0.004,-0.014,-0.011,25,22,22,-0.387,-0.259,-0.396,0.028,0puo2i0hga,r37t9m34bh
520,-0.021,-0.008,-0.009000000000000001,27,20,27,-0.311,-0.297,-0.308,0.034,oqv7damrx3,hmxyot8m14
521,-0.012,-0.013000000000000001,-0.026000000000000002,27,19,22,-0.402,-0.35000000000000003,-0.41200000000000003,0.027,5g4o3eoh36,hwqlw095px
522,-0.001,-0.014,-0.025,25,15,22,-0.34500000000000003,-0.255,-0.254,0.074,3xbkzryovo,hsir394nyj
523,-0.003,-0.027,-0.022,28,16,17,-0.41100000000000003,-0.41000000000000003,-0.424,0.07200000000000001,r8u7hpo0jt,n6eabpm4fr
524,-0.01,-0.027,-0.002,27,22,22,-0.332,-0.437,-0.252,0.036000000000000004,sd5f74igfm,5j7tjkg9h5
525,-0.019,-0.01,-0.015,21,16,21,-0.255,-0.4,-0.274,0.029,6wj96c9bth,yq8zodlz01
526,-0.0,-0.02,-0.028,19,23,24,-0.271,-0.304,-0.375,0.042,ar2sggmb61,cn2rw6il5b
527,-0.026000000000000002,-0.006,-0.028,25,18,26,-0.442,-0.34900000000000003,-0.402,0.02,k5iowyr8qd,3152p2x5fe
528,-0.014,-0.009000000000000001,-0.026000000000000002,22,15,23,-0.356,-0.268,-0.41100000000000003,0.058,u520q3ffoc,uv4yc8hjug
529,-0.015,-0.024,-0.0,26,27,16,-0.255,-0.43,-0.376,0.049,3w7oqfaarg,bk15ojkxku
530,-0.005,-0.02,-0.024,25,25,28,-0.39,-0.328,-0.34400000000000003,0.065,dtkxv4lwg2,3md4lug8da
531,-0.025,-0.011,-0.019,23,18,18,-0.34,-0.438,-0.332,0.061,jz7polydvb,13z0z6jewm
532,-0.024,-0.027,-0.003,20,16,29,-0.258,-0.3,-0.25,0.068,io1q767j35,e72jozr6fi
533,-0.014,-0.019,-0.009000000000000001,24,15,27,-0.252,-0.443,-0.401,0.045,v2jcue4xdg,c8682m1ia4
534,-0.016,-0.002,-0.0,27,19,21,-0.441,-0.254,-0.367,0.034,iyf7clvako,mce3sal8yi
535,-0.022,-0.0,-0.011,19,19,20,-0.382,-0.375,-0.369,0.074,twn2xs2mrn,mnknat6dlz
536,-0.002,-0.029,-0.023,21,26,21,-0.28,-0.429,-0.449,0.029,u3wq0i23qy,wm1p0z3krd
537,-0.016,-0.028,-0.026000000000000002,16,15,16,-0.399,-0.315,-0.41100000000000003,0.023,6rjkyassz7,nrbo713zu0
538,-0.005,-0.02,-0.02,27,22,26,-0.313,-0.375,-0.326,0.022,dr77obyf2s,mvptytkbkd
539,-0.016,-0.028,-0.009000000000000001,17,27,18,-0.28300000000000003,-0.311,-0.397,0.035,c5q6pzsy48,bcvjsk9vb1
540,-0.002,-0.029,-0.008,23,29,26,-0.448,-0.279,-0.418,0.045,ut4zgb7d3f,yfnoprm27v
541,-0.029,-0.008,-0.016,16,18,23,-0.401,-0.299,-0.385,0.023,8bjlw46406,9rq8uvpyzv
542,-0.01,-0.01,-0.016,19,15,27,-0.398,-0.281,-0.255,0.025,k0fcpxjyem,dfxf6h1v6i
543,-0.002,-0.007,-0.017,23,23,19,-0.422,-0.317,-0.254,0.05,qpd181i7cl,qc4duijp0b
544,-0.005,-0.026000000000000002,-0.009000000000000001,15,15,22,-0.267,-0.444,-0.442,0.055,eqh70nf0gm,9gwddx19hx
545,-0.02,-0.025,-0.004,19,22,21,-0.34,-0.354,-0.254,0.073,k41kyvakng,606f4tm87w
546,-0.018000000000000002,-0.029,-0.014,18,25,29,-0.268,-0.28400000000000003,-0.378,0.074,1f47j4aiwi,uuqku5vy4f
547,-0.014,-0.015,-0.004,23,22,26,-0.403,-0.364,-0.426,0.035,pkuiq5ucdq,mgr3y2ryek
548,-0.002,-0.007,-0.006,20,26,27,-0.269,-0.322,-0.446,0.03,kjlxpjmfor,hntyhr8948
549,-0.017,-0.003,-0.003,23,20,19,-0.4,-0.274,-0.276,0.075,3z3tk0oq94,cfo5srjcqz
550,-0.029,-0.008,-0.001,25,22,15,-0.404,-0.39,-0.438,0.059000000000000004,p945sjnuv2,ap8kpwt4io
551,-0.009000000000000001,-0.027,-0.021,25,20,25,-0.41300000000000003,-0.314,-0.308,0.042,lixznfrh0v,i8ua0gns6y
552,-0.022,-0.024,-0.012,26,17,20,-0.299,-0.421,-0.442,0.051000000000000004,8q9htn4nox,qqgye4s67i
553,-0.015,-0.011,-0.008,16,26,20,-0.266,-0.384,-0.40700000000000003,0.059000000000000004,wpnhxyl5x5,xfdnbl1uts
554,-0.021,-0.004,-0.005,17,28,16,-0.395,-0.321,-0.396,0.063,87e6h0xbz1,jzb5bistmz
555,-0.025,-0.029,-0.02,21,21,27,-0.295,-0.265,-0.438,0.074,otq1muiy5k,ifxz430xby
556,-0.021,-0.018000000000000002,-0.004,21,24,16,-0.271,-0.387,-0.316,0.063,pk8iyl57j4,jd65wb0vry
557,-0.014,-0.019,-0.013000000000000001,19,18,26,-0.327,-0.399,-0.294,0.056,ft3yz5qtd3,yvav245zr8
558,-0.001,-0.003,-0.015,26,28,29,-0.377,-0.277,-0.271,0.057,o52iorj5c7,y5lag7q5l3
559,-0.022,-0.029,-0.027,29,18,21,-0.406,-0.355,-0.277,0.024,t8w3uyo03s,qz4srr8eoi
560,-0.008,-0.002,-0.017,19,28,15,-0.267,-0.292,-0.387,0.05,2c70tigvqx,7ijmumqjx7
561,-0.0,-0.029,-0.002,17,17,29,-0.28800000000000003,-0.295,-0.267,0.057,5jt14hku00,kqzp4cm2lg
562,-0.002,-0.023,-0.001,15,25,28,-0.421,-0.382,-0.41000000000000003,0.053,9p2zmr0ij7,dy0r4wpgnv
563,-0.011,-0.018000000000000002,-0.005,23,20,15,-0.265,-0.28500000000000003,-0.362,0.057,ly4shuzjll,bc58nohi94
564,-0.004,-0.019,-0.017,22,17,16,-0.335,-0.367,-0.35100000000000003,0.076,oiuziicudt,8lavduxuyv
565,-0.008,-0.014,-0.015,25,29,19,-0.257,-0.39,-0.343,0.056,hn3k25fvti,lp22yeypa3
566,-0.028,-0.003,-0.027,16,22,28,-0.417,-0.34400000000000003,-0.316,0.03,y4xqm12l1t,7zb0cwoko6
567,-0.008,-0.024,-0.009000000000000001,18,25,21,-0.339,-0.367,-0.254,0.056,z0a8iq9xaj,b8d33dycjq
568,-0.012,-0.001,-0.007,27,29,29,-0.384,-0.312,-0.418,0.031,5qcb6onyqt,nlm71026xk
569,-0.006,-0.027,-0.0,15,21,23,-0.297,-0.255,-0.308,0.042,5x4xkv9lzs,hp7b5dyc5v
570,-0.027,-0.029,-0.018000000000000002,25,26,24,-0.358,-0.306,-0.398,0.033,cov75w0k6j,3waymkqyrf
571,-0.029,-0.014,-0.011,18,29,19,-0.426,-0.343,-0.263,0.057,ataztpzd9f,q3klwjrjnf
572,-0.024,-0.02,-0.023,22,21,23,-0.392,-0.269,-0.302,0.03,eqthxds2no,31ivaslg3e
573,-0.008,-0.029,-0.008,19,21,21,-0.41300000000000003,-0.358,-0.375,0.04,ekrs9liqpc,ja1r15ok1c
574,-0.013000000000000001,-0.029,-0.004,15,17,17,-0.397,-0.312,-0.262,0.043000000000000003,awzf1hhe13,6ycg8x8kgj
575,-0.014,-0.007,-0.026000000000000002,28,27,22,-0.405,-0.424,-0.375,0.061,4zpfo208kf,3xw04vka2c
576,-0.018000000000000002,-0.013000000000000001,-0.015,16,23,16,-0.34800000000000003,-0.329,-0.281,0.033,s73an05m7l,7ddxlt9lzh
577,-0.029,-0.021,-0.016,23,23,24,-0.362,-0.4,-0.315,0.02,nu8r4rudxz,pcoyt1fpvl
578,-0.02,-0.001,-0.002,21,24,23,-0.314,-0.302,-0.449,0.069,l36iuae4tl,9jhbmqyq8h
579,-0.025,-0.024,-0.002,29,27,21,-0.253,-0.263,-0.439,0.051000000000000004,bjawzr3apw,dwa9q5bxw2
580,-0.013000000000000001,-0.003,-0.0,23,27,18,-0.333,-0.41000000000000003,-0.446,0.059000000000000004,vcmwfxm386,f00seul5of
581,-0.018000000000000002,-0.002,-0.015,29,29,18,-0.40700000000000003,-0.307,-0.365,0.07,blgrjhpysl,7raq0glfpg
582,-0.01,-0.026000000000000002,-0.007,27,18,19,-0.263,-0.388,-0.34,0.034,9s6nyvj8gw,u91l00opgm
583,-0.01,-0.005,-0.003,25,18,16,-0.431,-0.274,-0.34900000000000003,0.037,d0t1f6e67v,vnn2hw2x28
584,-0.01,-0.009000000000000001,-0.013000000000000001,24,19,27,-0.354,-0.427,-0.272,0.064,t40b621c5s,sdr35m86n3
585,-0.002,-0.028,-0.016,16,26,27,-0.291,-0.356,-0.395,0.075,kv1x7255w2,fnppeobab4
586,-0.025,-0.024,-0.005,18,18,25,-0.297,-0.363,-0.359,0.03,qqai6kbsfs,iwa9rf3y26
587,-0.003,-0.022,-0.013000000000000001,24,21,19,-0.439,-0.27,-0.361,0.078,nogtfgrjit,8xinak2e3n
588,-0.027,-0.023,-0.015,27,18,29,-0.312,-0.417,-0.327,0.074,3lwqd7n3i7,raxg8cqwip
589,-0.024,-0.026000000000000002,-0.007,24,19,29,-0.311,-0.405,-0.444,0.024,xlupcf35qx,w2sgfueywm
590,-0.026000000000000002,-0.011,-0.017,23,21,16,-0.35100000000000003,-0.265,-0.332,0.043000000000000003,suk0f7mdae,gqm7qlf5pc
591,-0.022,-0.014,-0.007,26,19,26,-0.33,-0.37,-0.332,0.056,797tww4hzo,fajzifh9ir
592,-0.014,-0.013000000000000001,-0.016,25,25,16,-0.278,-0.303,-0.385,0.052000000000000005,i3exqjcew8,fge3pqk74a
593,-0.005,-0.0,-0.014,21,28,26,-0.365,-0.355,-0.417,0.06,cl1g48av0x,h8n1gyk4f9
594,-0.027,-0.017,-0.023,28,27,26,-0.268,-0.302,-0.375,0.048,kwpgkx262z,x41b8ysuje
595,-0.022,-0.028,-0.016,20,27,23,-0.291,-0.325,-0.34,0.046,x3gdiubwsx,j75e89ef86
596,-0.01,-0.029,-0.028,18,22,25,-0.418,-0.404,-0.406,0.031,gvt0bcjtwb,1dw8ltqkdd
597,-0.011,-0.025,-0.016,27,29,27,-0.419,-0.381,-0.406,0.077,b741fl0jjm,rfca21uust
598,-0.013000000000000001,-0.01,-0.004,17,27,19,-0.434,-0.364,-0.371,0.039,kru4kfbh7b,tpmv03pqbl
599,-0.012,-0.025,-0.004,17,15,24,-0.273,-0.41300000000000003,-0.423,0.065,b4fggktyme,tq5nj3j4ws
600,-0.021,-0.028,-0.004,16,15,19,-0.324,-0.294,-0.375,0.054,tfchjih9dx,hckuors2hm
601,-0.023,-0.013000000000000001,-0.016,26,29,21,-0.338,-0.315,-0.374,0.042,4rjjbg61by,58fzdohixj
602,-0.015,-0.017,-0.001,29,29,21,-0.293,-0.397,-0.289,0.076,kpm807obx6,k7z4m00tp5
603,-0.004,-0.014,-0.004,15,28,23,-0.28700000000000003,-0.28200000000000003,-0.403,0.04,op2qvhckzx,m483m710cp
604,-0.019,-0.027,-0.023,20,29,23,-0.421,-0.312,-0.337,0.074,dmyvtiv2r6,jawu0asvvv
605,-0.004,-0.02,-0.013000000000000001,26,17,28,-0.317,-0.44,-0.302,0.026000000000000002,n95srqzrrg,96d94yy9pz
606,-0.004,-0.027,-0.022,26,22,24,-0.296,-0.337,-0.308,0.044,vvp30vaosc,4eytr6lta0
607,-0.005,-0.028,-0.024,24,24,24,-0.352,-0.438,-0.429,0.042,mgd69g7n4j,uwwifzvjfc
608,-0.028,-0.018000000000000002,-0.029,25,26,21,-0.27,-0.406,-0.28300000000000003,0.028,wjb70s0yd9,e5ukhh88op
609,-0.012,-0.0,-0.02,25,24,28,-0.378,-0.367,-0.428,0.06,pbwa1gaaet,9ccvlw6moi
610,-0.004,-0.015,-0.028,21,20,25,-0.34900000000000003,-0.303,-0.273,0.052000000000000005,o0vhpzybv0,lw7oqvh9xu
611,-0.004,-0.002,-0.001,28,29,22,-0.396,-0.324,-0.331,0.055,9phkoe7z1b,v675mdg4jt
612,-0.013000000000000001,-0.028,-0.028,29,27,29,-0.403,-0.362,-0.386,0.07200000000000001,ebe6z4iidm,wlcr7vr5d7
613,-0.003,-0.015,-0.014,19,20,24,-0.34600000000000003,-0.384,-0.41500000000000004,0.052000000000000005,sjbsj32swc,nqwjau9dxa
614,-0.0,-0.017,-0.02,17,25,28,-0.332,-0.342,-0.266,0.056,q2a149af1m,ebh4vx86ut
615,-0.017,-0.005,-0.005,27,29,18,-0.33,-0.332,-0.311,0.02,jpljhe25ig,doba2ux1gf
616,-0.025,-0.029,-0.019,20,26,23,-0.406,-0.34700000000000003,-0.317,0.039,l1liv5onqo,v2bqbyxwgx
617,-0.007,-0.012,-0.029,23,27,29,-0.28400000000000003,-0.34500000000000003,-0.445,0.058,q8wy2uh16c,974ndr8mbd
618,-0.014,-0.004,-0.015,17,28,27,-0.311,-0.28400000000000003,-0.326,0.064,7nxd2b05b5,m0gpttivp0
619,-0.0,-0.019,-0.028,28,25,29,-0.42,-0.304,-0.293,0.053,g2pnek2vl9,4zkd3ahm0x
620,-0.023,-0.014,-0.008,19,16,29,-0.406,-0.377,-0.335,0.034,stw4epi5cp,wo8oa1vdni
621,-0.009000000000000001,-0.014,-0.003,22,27,27,-0.296,-0.378,-0.302,0.052000000000000005,9gjgb92wbn,49z96ktj80
622,-0.017,-0.024,-0.013000000000000001,18,23,19,-0.302,-0.418,-0.372,0.022,5qoxmo7yiv,cd2mbjwyc5
623,-0.022,-0.002,-0.028,24,23,28,-0.279,-0.267,-0.325,0.031,mggly2pa84,ll23hyvxkg
624,-0.015,-0.003,-0.008,25,26,22,-0.41200000000000003,-0.342,-0.398,0.068,y0r9je80cd,5n2xrqzhy8
625,-0.028,-0.007,-0.023,18,28,16,-0.327,-0.387,-0.337,0.05,xqsvk9a6ky,t0bartzp9m
626,-0.021,-0.001,-0.028,27,17,18,-0.322,-0.448,-0.445,0.074,7b12706r05,0y3mwiqrru
627,-0.025,-0.023,-0.028,23,23,21,-0.439,-0.34800000000000003,-0.444,0.067,go04s61vm0,t6hb2qdldp
628,-0.019,-0.012,-0.003,18,20,19,-0.323,-0.253,-0.275,0.036000000000000004,h2vecbjgfd,5ypx0gwble
629,-0.006,-0.011,-0.0,28,16,22,-0.441,-0.443,-0.3,0.077,akuz2jj7ff,cffni916tp
630,-0.022,-0.001,-0.003,17,23,18,-0.423,-0.339,-0.424,0.048,3a7shw71r1,34m3sswjju
631,-0.027,-0.02,-0.007,21,15,21,-0.272,-0.257,-0.264,0.048,c22s5nek42,yz6gz6hbpw
632,-0.025,-0.006,-0.007,28,15,27,-0.362,-0.305,-0.375,0.024,2367vl1e5a,soakostkpv
633,-0.022,-0.01,-0.029,15,17,25,-0.356,-0.276,-0.394,0.023,30sbnwf4ht,dttans136k
634,-0.01,-0.01,-0.02,23,24,20,-0.431,-0.337,-0.301,0.075,i3rynfxvnf,455dgq4wbi
635,-0.012,-0.007,-0.017,24,23,18,-0.31,-0.371,-0.301,0.051000000000000004,22l97fbmxw,nq615ru4yb
636,-0.002,-0.025,-0.01,26,18,24,-0.389,-0.277,-0.44,0.078,b7a0r7lxey,4vpoqbff3o
637,-0.026000000000000002,-0.011,-0.023,16,20,22,-0.266,-0.311,-0.29,0.025,1hshc9xi9n,23lb6dri4w
638,-0.009000000000000001,-0.025,-0.01,25,25,18,-0.329,-0.361,-0.355,0.048,80ikfcdvtd,i5lt1vgewq
639,-0.015,-0.014,-0.016,24,22,19,-0.33,-0.279,-0.323,0.073,n1a4fotfyy,9izs74na3m
640,-0.023,-0.006,-0.008,16,22,16,-0.295,-0.28800000000000003,-0.28800000000000003,0.061,sl95m9py3s,m5q7m1mse1
641,-0.0,-0.022,-0.013000000000000001,29,17,18,-0.311,-0.41400000000000003,-0.361,0.02,uzenxsm7ru,hy522jhyal
642,-0.017,-0.0,-0.018000000000000002,15,18,20,-0.294,-0.34,-0.307,0.063,2foyldou3r,ofroywguxo
643,-0.028,-0.004,-0.023,16,18,20,-0.298,-0.332,-0.25,0.053,i7onc7piib,kpxu0yp4iq
644,-0.02,-0.021,-0.02,19,20,15,-0.4,-0.358,-0.356,0.029,9bsqw9ebdi,6tis4ag9ib
645,-0.016,-0.004,-0.013000000000000001,28,24,29,-0.41600000000000004,-0.298,-0.41400000000000003,0.069,05iv2dk4bg,642ns037hy
646,-0.005,-0.028,-0.007,15,29,24,-0.327,-0.389,-0.372,0.044,e57a651qqy,6einzsvxkr
647,-0.007,-0.017,-0.001,16,19,16,-0.325,-0.41200000000000003,-0.307,0.07200000000000001,ibdto08dsg,ka0l8jh6fm
648,-0.01,-0.012,-0.016,15,23,17,-0.437,-0.369,-0.305,0.036000000000000004,zfrakegfqb,p7sgszop53
649,-0.004,-0.022,-0.008,28,25,16,-0.40800000000000003,-0.429,-0.302,0.032,cesonkavrl,wytyytuu6s
650,-0.025,-0.013000000000000001,-0.01,15,22,21,-0.383,-0.28700000000000003,-0.353,0.033,cakhwnj36v,x4upkiqeg3
651,-0.026000000000000002,-0.013000000000000001,-0.009000000000000001,22,27,21,-0.303,-0.265,-0.364,0.045,jhfytnqszi,vaeej5t3i7
652,-0.01,-0.015,-0.021,16,16,25,-0.418,-0.294,-0.303,0.056,p7twtvvb5g,olf5mvj0hu
653,-0.007,-0.006,-0.008,29,21,20,-0.292,-0.328,-0.253,0.069,tje2ud30ki,7qj0lupwab
654,-0.019,-0.005,-0.01,27,17,16,-0.437,-0.295,-0.375,0.075,iql3qf8x42,1yvpprudkg
655,-0.024,-0.014,-0.022,24,18,27,-0.304,-0.34500000000000003,-0.302,0.033,rfxoi03tlp,a8qi594b6h
656,-0.003,-0.028,-0.024,17,23,16,-0.272,-0.357,-0.365,0.025,6ifttky5e7,cowxldgrvl
657,-0.006,-0.029,-0.029,27,19,28,-0.356,-0.328,-0.371,0.05,7d2n73vc5j,chgwe4fi27
658,-0.02,-0.0,-0.006,15,18,24,-0.388,-0.41100000000000003,-0.34800000000000003,0.078,6i3r5bd8lv,bjlu777b5m
659,-0.002,-0.009000000000000001,-0.018000000000000002,24,29,20,-0.365,-0.404,-0.365,0.023,gx66g39g2h,ew1lz2911l
660,-0.002,-0.017,-0.029,27,20,20,-0.364,-0.31,-0.34600000000000003,0.022,rn5vx9hlid,4yqqc2buis
661,-0.016,-0.027,-0.005,25,20,17,-0.26,-0.41100000000000003,-0.256,0.054,6gkfmlvnqa,d7rtq4q2pc
662,-0.006,-0.005,-0.018000000000000002,19,18,16,-0.289,-0.321,-0.436,0.031,mr1yc1r1mp,ra2dm6i0fw
663,-0.026000000000000002,-0.022,-0.023,23,24,16,-0.417,-0.446,-0.386,0.031,3r98i0919l,m7jdn62hz4
664,-0.025,-0.006,-0.004,25,15,28,-0.34600000000000003,-0.295,-0.258,0.045,150km6fh1k,tggzuk61ov
665,-0.028,-0.027,-0.003,28,29,21,-0.255,-0.305,-0.308,0.051000000000000004,8bi3euzr1f,9tke7s4uvp
666,-0.002,-0.024,-0.006,25,29,19,-0.41300000000000003,-0.362,-0.381,0.021,7of2lutzgy,raoghelepn
667,-0.02,-0.0,-0.022,18,28,17,-0.435,-0.42,-0.254,0.036000000000000004,cb5yembcv6,32a3m4vxk6
668,-0.009000000000000001,-0.019,-0.025,25,15,29,-0.327,-0.28,-0.326,0.027,2e2b9o9jgr,gj813gwt1s
669,-0.026000000000000002,-0.002,-0.005,20,27,25,-0.29,-0.433,-0.41600000000000004,0.033,rtri8w2stt,d5czazeyy8
670,-0.025,-0.015,-0.018000000000000002,15,26,18,-0.28700000000000003,-0.427,-0.28200000000000003,0.039,you9tq1xa1,dki8r8qdua
671,-0.023,-0.004,-0.029,21,15,29,-0.367,-0.36,-0.28200000000000003,0.026000000000000002,m0fv0k8t7w,2e6fz3uyt5
672,-0.023,-0.027,-0.015,16,23,24,-0.264,-0.40800000000000003,-0.299,0.06,kg4rh4trkm,vxdht4jjj8
673,-0.008,-0.027,-0.004,15,20,26,-0.3,-0.379,-0.363,0.055,2r5sy6f31v,40eg2ccfcc
674,-0.008,-0.003,-0.012,27,15,24,-0.3,-0.28500000000000003,-0.28,0.042,40rq0wrwk6,b64glzi398
675,-0.017,-0.025,-0.029,17,21,21,-0.438,-0.259,-0.312,0.027,1u41rqgbpo,nqa2okr7wg
676,-0.014,-0.007,-0.012,17,22,27,-0.447,-0.365,-0.256,0.027,m7qt7zyta5,0s9sy1mfks
677,-0.011,-0.028,-0.008,17,15,22,-0.268,-0.40800000000000003,-0.339,0.024,bbx3g9mw7l,s2s4aoqszb
678,-0.001,-0.0,-0.012,29,29,26,-0.34600000000000003,-0.312,-0.392,0.043000000000000003,5e4mtgasq5,obet4z48jg
679,-0.026000000000000002,-0.003,-0.025,22,17,16,-0.306,-0.323,-0.313,0.022,bdv62xzdbb,w8eo53ij7v
680,-0.001,-0.016,-0.023,25,16,27,-0.373,-0.341,-0.293,0.067,6z443d5870,x9qf27txe9
681,-0.013000000000000001,-0.007,-0.008,25,18,17,-0.333,-0.438,-0.429,0.057,lrs5q6r34d,3ldrx2joq0
682,-0.027,-0.025,-0.017,22,21,25,-0.423,-0.321,-0.44,0.051000000000000004,b181eudtfz,m1h74t39pn
683,-0.009000000000000001,-0.015,-0.027,20,17,27,-0.35100000000000003,-0.356,-0.379,0.07200000000000001,7p7zeagqn4,93vcagchkn
684,-0.013000000000000001,-0.004,-0.014,19,24,26,-0.269,-0.391,-0.382,0.059000000000000004,mi6wujvquk,qv4zqqyqsr
685,-0.021,-0.014,-0.024,15,25,27,-0.331,-0.294,-0.41100000000000003,0.07200000000000001,fy3tneabwv,mcw0w1mm5j
686,-0.016,-0.003,-0.001,27,17,17,-0.441,-0.367,-0.4,0.041,vi4u87zq76,rih2tdu1bm
687,-0.018000000000000002,-0.005,-0.006,21,16,22,-0.40900000000000003,-0.393,-0.281,0.068,z3lkhym99d,qxu4lrkszt
688,-0.005,-0.017,-0.018000000000000002,26,21,18,-0.34600000000000003,-0.255,-0.358,0.078,kqfs5kbwn4,8q4nvsqciy
689,-0.023,-0.029,-0.005,18,15,23,-0.256,-0.41200000000000003,-0.311,0.037,74h7rtpjg8,n6nml7fhsd
690,-0.002,-0.022,-0.02,27,21,24,-0.29,-0.315,-0.276,0.048,3lj3u4vbni,w8cy4d4jq4
691,-0.008,-0.023,-0.018000000000000002,21,27,24,-0.301,-0.43,-0.40700000000000003,0.053,g54354aslf,sdikxgs7lr
692,-0.009000000000000001,-0.02,-0.004,28,15,24,-0.323,-0.391,-0.358,0.039,n4r82anxoh,67wryy6mei
693,-0.022,-0.006,-0.01,24,29,27,-0.267,-0.434,-0.437,0.056,ump6vlxvf2,sreodkjshv
694,-0.016,-0.026000000000000002,-0.012,23,18,18,-0.448,-0.384,-0.261,0.023,9ntm11piug,pl5xja8k6q
695,-0.021,-0.011,-0.012,16,22,27,-0.335,-0.259,-0.259,0.046,yfpyukg7y5,r9tosn8081
696,-0.01,-0.022,-0.013000000000000001,26,25,23,-0.428,-0.314,-0.387,0.048,on4nnv42p9,pfc9irkjs7
697,-0.0,-0.027,-0.023,15,17,25,-0.352,-0.37,-0.269,0.032,ymp813zkva,4znwbhhyhu
698,-0.0,-0.022,-0.016,16,16,25,-0.371,-0.41100000000000003,-0.257,0.064,el2q2dwrhp,40a7xf2i91
699,-0.018000000000000002,-0.004,-0.018000000000000002,20,27,27,-0.322,-0.41400000000000003,-0.445,0.024,jyebu685y0,sftai05q33
700,-0.003,-0.01,-0.015,17,27,26,-0.331,-0.279,-0.406,0.073,vkyp2t8bka,p99k4k0okr
701,-0.015,-0.023,-0.006,18,19,28,-0.381,-0.434,-0.366,0.032,6khn1e38vj,vs70vg6dr7
702,-0.01,-0.011,-0.021,16,26,24,-0.308,-0.26,-0.357,0.048,85qnmixi7r,7vvj71zdqa
703,-0.005,-0.015,-0.003,22,28,22,-0.333,-0.28500000000000003,-0.308,0.031,9fnqfrd9cx,jms5fx1r59
704,-0.006,-0.023,-0.021,23,21,16,-0.326,-0.373,-0.253,0.068,5fmbj8blhs,1h44hyep3j
705,-0.004,-0.019,-0.022,15,25,28,-0.28700000000000003,-0.34400000000000003,-0.447,0.042,2mhm4mv115,g28llww6wb
706,-0.004,-0.02,-0.006,26,16,26,-0.448,-0.26,-0.34500000000000003,0.045,o575eys4f9,6wccnd4l97
707,-0.01,-0.015,-0.022,24,17,21,-0.384,-0.386,-0.29,0.064,qzumk239ze,sevgeg2dww
708,-0.02,-0.009000000000000001,-0.026000000000000002,20,26,25,-0.429,-0.432,-0.262,0.074,7ovmn8mwxi,0khyi853ne
709,-0.016,-0.006,-0.005,16,22,27,-0.263,-0.307,-0.34600000000000003,0.052000000000000005,79z3pirs9f,vwp9jkoqzd
710,-0.005,-0.024,-0.007,26,16,20,-0.433,-0.434,-0.303,0.043000000000000003,mjsl03e8xy,2zqjjx74mv
711,-0.014,-0.022,-0.001,21,29,26,-0.357,-0.384,-0.445,0.059000000000000004,j77g1ggapf,147pa7p4bf
712,-0.001,-0.006,-0.019,18,25,19,-0.34,-0.263,-0.316,0.049,bzh7n7nrjz,ksequ1jc5n
713,-0.002,-0.01,-0.002,26,21,25,-0.447,-0.303,-0.342,0.059000000000000004,d72bgipe5y,pv2tgfcodw
714,-0.016,-0.011,-0.014,22,22,23,-0.34800000000000003,-0.335,-0.34800000000000003,0.069,8gzswavddv,fd3ur02md5
715,-0.012,-0.001,-0.026000000000000002,15,19,25,-0.342,-0.289,-0.334,0.063,l2xok9zu6n,7u37l3hjsa
716,-0.015,-0.01,-0.025,15,24,15,-0.279,-0.291,-0.272,0.07,qero0i9a65,hbq6a3p9gz
717,-0.023,-0.01,-0.006,26,25,23,-0.434,-0.299,-0.28400000000000003,0.05,1wq6o4qxwc,ikpu6sa011
718,-0.027,-0.013000000000000001,-0.006,28,23,29,-0.28400000000000003,-0.328,-0.363,0.053,79vc185td5,iq85vgdagu
719,-0.008,-0.009000000000000001,-0.005,18,27,19,-0.435,-0.358,-0.41200000000000003,0.045,qhrs0gny6h,sluteqzlzn
720,-0.025,-0.02,-0.01,19,28,17,-0.378,-0.301,-0.267,0.06,mf1xyvqr4b,3y1puuikmr
721,-0.015,-0.028,-0.029,21,23,25,-0.383,-0.316,-0.296,0.022,mrgyudnotm,kwev64evui
722,-0.014,-0.002,-0.013000000000000001,21,18,29,-0.352,-0.384,-0.375,0.05,7ckv9luz5x,x072tm3bfb
723,-0.003,-0.007,-0.017,17,24,24,-0.34700000000000003,-0.259,-0.431,0.062,37bpmukmkm,7c66wgvb9p
724,-0.021,-0.011,-0.015,24,28,23,-0.315,-0.277,-0.28500000000000003,0.07100000000000001,648j82ydjj,mhlf1gmfzh
725,-0.024,-0.025,-0.024,26,24,24,-0.271,-0.319,-0.366,0.061,poqgqtysfl,ri71kcb2p7
726,-0.005,-0.017,-0.016,21,25,23,-0.446,-0.28500000000000003,-0.352,0.051000000000000004,lb478rrzae,g56uvjkiol
727,-0.015,-0.025,-0.0,19,29,28,-0.28300000000000003,-0.424,-0.387,0.061,sqjcci3l93,ag8m9xyfrl
728,-0.011,-0.017,-0.002,25,24,27,-0.38,-0.34,-0.401,0.032,ba8stfwkma,uck9ujpqgx
729,-0.011,-0.004,-0.022,29,19,20,-0.31,-0.39,-0.382,0.075,ygotg4r6ef,3k7fh1w7sf
730,-0.008,-0.003,-0.022,17,26,19,-0.364,-0.372,-0.353,0.056,r70ydf9vmb,2xk2ittybb
731,-0.024,-0.011,-0.02,28,23,20,-0.357,-0.35100000000000003,-0.428,0.021,9o85zpkpin,1ktba1xlyu
732,-0.02,-0.003,-0.012,25,25,23,-0.356,-0.439,-0.333,0.07100000000000001,wjm4mc1jsq,aoivwt83rx
733,-0.003,-0.006,-0.022,16,17,18,-0.35000000000000003,-0.42,-0.264,0.051000000000000004,1hx8ketfsk,h63d4thfvp
734,-0.027,-0.024,-0.029,16,19,17,-0.393,-0.3,-0.364,0.055,p0nkijqyd5,7jsfhjcflx
735,-0.021,-0.002,-0.017,23,26,27,-0.353,-0.385,-0.436,0.077,7b5j2cl5m4,v5lcfdzw43
736,-0.001,-0.017,-0.006,21,21,15,-0.396,-0.449,-0.445,0.028,rxdi8fh0tp,n39nfzrr24
737,-0.027,-0.025,-0.01,28,24,28,-0.342,-0.399,-0.365,0.057,pkewppj2p8,crcq2ggulk
738,-0.008,-0.018000000000000002,-0.004,18,17,24,-0.367,-0.316,-0.447,0.025,5dz2evnrh5,gl6c9943fs
739,-0.029,-0.027,-0.024,18,24,27,-0.378,-0.331,-0.434,0.069,wofhl89cjs,rfvsp7og9g
740,-0.0,-0.014,-0.026000000000000002,18,16,28,-0.356,-0.324,-0.386,0.028,3qtrduwxwc,bv9qkizre5
741,-0.019,-0.023,-0.007,17,26,21,-0.442,-0.366,-0.289,0.026000000000000002,1fxfn9p12m,vbvtrnyfl3
742,-0.02,-0.023,-0.028,17,26,15,-0.306,-0.369,-0.314,0.041,bd95udwrtn,povl41b78u
743,-0.014,-0.006,-0.01,28,19,21,-0.31,-0.258,-0.269,0.065,v9jbzvzja0,df76ubocx4
744,-0.009000000000000001,-0.008,-0.017,18,29,23,-0.322,-0.4,-0.42,0.049,0qip40g92t,anvx30qy20
745,-0.008,-0.003,-0.026000000000000002,15,25,17,-0.259,-0.364,-0.34600000000000003,0.079,fwcsc64vjl,e784ztunu7
746,-0.016,-0.001,-0.01,28,19,20,-0.254,-0.392,-0.394,0.06,q2k35ghnxd,kza44l79yp
747,-0.029,-0.02,-0.017,20,22,16,-0.28800000000000003,-0.419,-0.398,0.046,fogu5njq40,7cwsg9qqzq
748,-0.025,-0.001,-0.028,22,15,16,-0.31,-0.323,-0.252,0.068,cmf8cb9v27,ec7xbcvqyd
749,-0.016,-0.027,-0.01,25,19,27,-0.28400000000000003,-0.43,-0.41500000000000004,0.029,35l18n6um8,27bczmpd50
750,-0.004,-0.002,-0.007,29,20,17,-0.39,-0.265,-0.338,0.056,2mq3xao0q0,ngei2po4gf
751,-0.012,-0.02,-0.004,29,29,29,-0.445,-0.34800000000000003,-0.34600000000000003,0.058,d2mjn06ep4,ft4c31nxqz
752,-0.026000000000000002,-0.012,-0.015,19,24,25,-0.276,-0.44,-0.323,0.035,vynobzmizf,7ajfig8koy
753,-0.025,-0.011,-0.004,17,29,15,-0.28400000000000003,-0.419,-0.279,0.022,pg98y31c5l,lkq9mq574w
754,-0.021,-0.014,-0.018000000000000002,22,28,15,-0.379,-0.429,-0.393,0.045,c5tqn75of0,t6jaclldyl
755,-0.024,-0.013000000000000001,-0.001,29,29,21,-0.35100000000000003,-0.337,-0.376,0.042,cceaq4zebi,bfta6tjtdo
756,-0.001,-0.025,-0.018000000000000002,23,26,16,-0.43,-0.309,-0.315,0.069,hlxuu0k8z1,5042uktqb4
757,-0.019,-0.012,-0.019,21,26,22,-0.303,-0.422,-0.432,0.075,s6vjjmzmyw,vps7tkshyf
758,-0.013000000000000001,-0.012,-0.012,23,17,15,-0.366,-0.276,-0.289,0.031,eb4q1jd165,jsx66h6ep6
759,-0.028,-0.029,-0.012,22,25,28,-0.302,-0.304,-0.273,0.067,rabgea68bp,29mj36ao78
760,-0.023,-0.007,-0.008,20,17,26,-0.357,-0.439,-0.394,0.042,cffnrlzciw,i8eulg883p
761,-0.005,-0.006,-0.019,21,22,29,-0.303,-0.28200000000000003,-0.289,0.057,nyabwwy2xe,wkfpitfbh5
762,-0.026000000000000002,-0.028,-0.003,19,29,21,-0.34900000000000003,-0.40700000000000003,-0.386,0.045,dpu5a0b1ka,2402n7tz4m
763,-0.001,-0.006,-0.018000000000000002,22,29,28,-0.306,-0.313,-0.336,0.042,ixi0t63882,4envhny6qz
764,-0.021,-0.028,-0.024,15,17,29,-0.327,-0.373,-0.272,0.046,nzcd99kn5e,d0kvchc3jt
765,-0.025,-0.006,-0.007,27,18,20,-0.444,-0.44,-0.295,0.061,7jahi5sr0h,z9guoeirvp
766,-0.002,-0.013000000000000001,-0.017,25,28,24,-0.263,-0.37,-0.305,0.07200000000000001,bomxakit7e,w3mpjgusx4
767,-0.021,-0.01,-0.009000000000000001,25,17,22,-0.256,-0.40800000000000003,-0.423,0.042,zj4011zd0n,sx3ma0s5pi
768,-0.008,-0.002,-0.022,19,15,26,-0.357,-0.36,-0.40700000000000003,0.029,ymerdgrx3r,m0kzcmtuuu
769,-0.013000000000000001,-0.003,-0.004,24,23,21,-0.277,-0.391,-0.445,0.047,63cmxxxqic,dxo05tfyo6
770,-0.014,-0.025,-0.016,15,22,20,-0.353,-0.41300000000000003,-0.342,0.039,ty6yj495d9,qpjhfweiub
771,-0.016,-0.018000000000000002,-0.015,17,19,24,-0.338,-0.264,-0.251,0.049,1l486n9ruw,dvswkcm8cd
772,-0.016,-0.001,-0.015,23,18,26,-0.363,-0.428,-0.38,0.033,g5pk5vdq09,rvxgisswsm
773,-0.018000000000000002,-0.015,-0.02,22,19,17,-0.337,-0.4,-0.403,0.023,rceifsfk38,qtn1l8e0ve
774,-0.009000000000000001,-0.011,-0.015,28,27,22,-0.317,-0.319,-0.373,0.078,m4o49bagrh,t4qf2xiarq
775,-0.022,-0.027,-0.029,24,29,24,-0.432,-0.314,-0.42,0.046,qfwno4n877,0hodihwc3k
776,-0.012,-0.015,-0.006,18,26,23,-0.337,-0.291,-0.341,0.063,wwxkerc80p,0smtlv4735
777,-0.019,-0.027,-0.006,23,26,24,-0.418,-0.42,-0.306,0.047,ecqe559p45,ykm1wx0a2q
778,-0.024,-0.02,-0.023,18,26,19,-0.429,-0.41300000000000003,-0.401,0.029,gawt5hsgud,lb2cwfto4s
779,-0.016,-0.025,-0.008,23,23,21,-0.35000000000000003,-0.394,-0.303,0.063,fa6xxqzx0f,zh0bg7ikyz
780,-0.003,-0.023,-0.028,22,23,29,-0.392,-0.26,-0.338,0.064,wlayzlzwb7,g42ew79p44
781,-0.018000000000000002,-0.004,-0.014,20,24,28,-0.41200000000000003,-0.336,-0.312,0.02,rce85pdxbx,3kqrddye9m
782,-0.019,-0.002,-0.016,28,24,24,-0.261,-0.425,-0.44,0.077,jqhcrga4bo,z426eyij1n
783,-0.013000000000000001,-0.018000000000000002,-0.017,28,15,27,-0.35000000000000003,-0.337,-0.376,0.045,ka0iq8vr6w,h9wae80b4n
784,-0.005,-0.005,-0.023,25,15,24,-0.322,-0.312,-0.34,0.07200000000000001,whixcwhfwh,r8dfqygr8y
785,-0.015,-0.009000000000000001,-0.001,27,20,25,-0.36,-0.41300000000000003,-0.388,0.039,0tglm8db9n,1ilnzca3g7
786,-0.018000000000000002,-0.003,-0.016,19,22,17,-0.333,-0.446,-0.40800000000000003,0.05,99xw6kftqa,lldblijtd0
787,-0.023,-0.021,-0.01,23,24,25,-0.256,-0.266,-0.41600000000000004,0.05,zck82fqneb,4un61oe8c6
788,-0.026000000000000002,-0.016,-0.005,26,15,24,-0.25,-0.361,-0.356,0.039,0yz1dny2yv,pyls6k68sx
789,-0.022,-0.022,-0.019,29,26,18,-0.382,-0.28500000000000003,-0.361,0.057,ny6qha4zoj,q79644gqep
790,-0.021,-0.007,-0.007,22,22,18,-0.372,-0.294,-0.41100000000000003,0.036000000000000004,ict5p7u4ik,tbesgof1vf
791,-0.025,-0.027,-0.017,18,25,15,-0.41600000000000004,-0.35100000000000003,-0.255,0.03,miyzp2clv5,bcux1wb24e
792,-0.015,-0.003,-0.024,22,15,20,-0.438,-0.44,-0.301,0.058,rb8atrjsrq,iknmsjq5wz
793,-0.029,-0.008,-0.007,29,24,29,-0.372,-0.394,-0.279,0.068,7lbvtiumjd,z87j97alsd
794,-0.009000000000000001,-0.014,-0.003,20,25,28,-0.393,-0.369,-0.304,0.07100000000000001,czzbrtngxx,ky3nhfnrzn
795,-0.006,-0.004,-0.026000000000000002,28,23,27,-0.263,-0.404,-0.293,0.028,qi21qz4rx5,cn9bacp1a9
796,-0.005,-0.025,-0.027,26,19,25,-0.329,-0.312,-0.266,0.045,84nyusnjrn,xy89odhq0s
797,-0.007,-0.004,-0.025,25,28,16,-0.313,-0.374,-0.41600000000000004,0.023,y12716g5q1,mzt80m8iph
798,-0.007,-0.016,-0.016,29,20,21,-0.252,-0.35000000000000003,-0.385,0.045,s685v99ybz,dq45o25ney
799,-0.018000000000000002,-0.018000000000000002,-0.006,23,20,28,-0.377,-0.398,-0.437,0.066,g5642dw2rj,yy76raydv1
800,-0.028,-0.022,-0.025,17,16,19,-0.376,-0.273,-0.393,0.03,vimd0ilexc,ijpoivwk95
801,-0.0,-0.02,-0.003,26,26,27,-0.34400000000000003,-0.41300000000000003,-0.321,0.035,uvmkb8yokg,18e0708l2c
802,-0.009000000000000001,-0.017,-0.013000000000000001,20,23,29,-0.389,-0.41200000000000003,-0.335,0.031,3h5dxlcty7,jokpq8ka0a
803,-0.029,-0.005,-0.007,28,27,23,-0.438,-0.41200000000000003,-0.354,0.075,5snjjihvkd,cpxw8gmat5
804,-0.005,-0.003,-0.024,23,20,19,-0.279,-0.31,-0.388,0.074,pwiczpi3f0,j5mtv8r2fz
805,-0.004,-0.023,-0.028,22,26,27,-0.435,-0.306,-0.309,0.077,1gm9lbgrtg,pz7erp35zy
806,-0.026000000000000002,-0.029,-0.016,28,17,25,-0.258,-0.272,-0.268,0.027,j85yljrd4v,b4na7vv6p6
807,-0.017,-0.0,-0.025,24,18,20,-0.40800000000000003,-0.41500000000000004,-0.395,0.041,a9of8v0zvs,bkquerusq4
808,-0.015,-0.016,-0.004,19,22,23,-0.41400000000000003,-0.28,-0.317,0.036000000000000004,961uoz4bh7,7jfd6d7inv
809,-0.019,-0.0,-0.001,25,28,22,-0.421,-0.431,-0.368,0.077,1h02dqigot,ydebro6pqa
810,-0.006,-0.001,-0.005,20,19,29,-0.39,-0.325,-0.313,0.035,fteas2albv,ta03wolvch
811,-0.017,-0.01,-0.017,27,19,28,-0.297,-0.292,-0.439,0.078,6egddlh0d7,p1bvcz9qnn
812,-0.025,-0.025,-0.007,26,26,26,-0.359,-0.34800000000000003,-0.273,0.079,a84uhzhjws,umnx3h4xrg
813,-0.0,-0.025,-0.018000000000000002,29,24,21,-0.34400000000000003,-0.274,-0.274,0.051000000000000004,1uyuy8rf7v,gqo50v4q2h
814,-0.002,-0.007,-0.007,17,27,16,-0.305,-0.397,-0.379,0.039,uh4dez3j60,58pvaev9op
815,-0.029,-0.007,-0.016,22,18,26,-0.44,-0.367,-0.267,0.066,h2t3trhyep,4ji4o80a5q
816,-0.021,-0.023,-0.014,21,29,24,-0.442,-0.339,-0.256,0.079,y4sg24e3zl,zrgd3fhki8
817,-0.02,-0.01,-0.012,26,17,26,-0.34,-0.425,-0.343,0.06,xv7fmbaow6,sl0uvoxr3k
818,-0.002,-0.003,-0.008,22,20,15,-0.438,-0.354,-0.443,0.05,07hv7yhz3w,8fb9e7k8xh
819,-0.01,-0.0,-0.013000000000000001,15,27,23,-0.303,-0.34,-0.446,0.052000000000000005,gml28n5k4u,d8t32xfr3o
820,-0.016,-0.016,-0.018000000000000002,23,25,17,-0.253,-0.303,-0.315,0.078,ofue5355ih,1d3kr1u6nd
821,-0.02,-0.024,-0.004,20,15,25,-0.25,-0.367,-0.435,0.07200000000000001,sqwn7ch5z4,y7g377xf9w
822,-0.027,-0.026000000000000002,-0.009000000000000001,23,15,18,-0.334,-0.34900000000000003,-0.44,0.055,hdl4ngb4on,w4serq97i7
823,-0.016,-0.022,-0.026000000000000002,29,27,27,-0.34400000000000003,-0.279,-0.324,0.023,5rngzp8ir1,jafnpth7rk
824,-0.007,-0.004,-0.028,16,26,18,-0.322,-0.257,-0.392,0.058,qvgcreja7l,x8hnoi23gb
825,-0.019,-0.012,-0.016,16,26,29,-0.335,-0.41200000000000003,-0.257,0.041,iecbsjb7oq,ln6oxe57kk
826,-0.011,-0.006,-0.002,25,16,28,-0.279,-0.279,-0.255,0.077,q8cu2isjr8,40v2jmqc83
827,-0.014,-0.016,-0.018000000000000002,20,19,15,-0.336,-0.264,-0.4,0.033,ueeq1sn3kx,anwb2j3sjz
828,-0.028,-0.01,-0.021,16,19,25,-0.422,-0.254,-0.275,0.04,btd2m8h2fm,6df1o99v8a
829,-0.01,-0.001,-0.028,23,23,27,-0.294,-0.277,-0.318,0.065,yc96ja27u9,ufhpextltz
830,-0.01,-0.017,-0.026000000000000002,22,27,19,-0.318,-0.363,-0.41100000000000003,0.067,34vheotg4u,ewushxh21u
831,-0.02,-0.004,-0.013000000000000001,22,27,27,-0.435,-0.338,-0.274,0.025,le5n087aos,txjq4j765n
832,-0.016,-0.023,-0.007,29,18,25,-0.34500000000000003,-0.325,-0.401,0.04,j89wwbwy80,12jm6lrxd4
833,-0.007,-0.017,-0.022,15,26,25,-0.446,-0.442,-0.319,0.061,rskwjm1dj0,tw5w6enfsa
834,-0.013000000000000001,-0.016,-0.006,28,19,18,-0.434,-0.354,-0.366,0.066,gvgwq9ul4t,ydtstzq2e4
835,-0.026000000000000002,-0.001,-0.023,18,18,17,-0.368,-0.396,-0.29,0.057,h765wflhxk,bkj4omh93x
836,-0.001,-0.001,-0.023,25,16,19,-0.369,-0.34700000000000003,-0.304,0.047,b6gvxgbyf6,r3595khohk
837,-0.007,-0.022,-0.001,17,20,18,-0.329,-0.41400000000000003,-0.313,0.06,nirak150dp,79np516u9w
838,-0.002,-0.022,-0.028,27,25,27,-0.367,-0.379,-0.384,0.033,jvljy23bu2,qycq4f9rl2
839,-0.003,-0.028,-0.029,23,28,20,-0.303,-0.392,-0.326,0.021,l242l8vfhs,vwxpz5etef
840,-0.025,-0.02,-0.022,29,23,20,-0.377,-0.422,-0.266,0.068,xy6szbyavj,jojyck3upg
841,-0.026000000000000002,-0.002,-0.001,22,26,21,-0.312,-0.389,-0.419,0.064,23qcmahkig,scu5te5r0p
842,-0.009000000000000001,-0.006,-0.005,27,28,28,-0.365,-0.371,-0.366,0.02,85lms8ufyg,3lx9uhzw7c
843,-0.012,-0.027,-0.022,25,26,21,-0.395,-0.265,-0.435,0.045,t0kz2q3avf,28fs5espsl
844,-0.028,-0.01,-0.014,24,22,16,-0.322,-0.361,-0.449,0.067,ty2z13vlsv,6h4mfg2jw4
845,-0.017,-0.022,-0.008,17,24,29,-0.34400000000000003,-0.385,-0.353,0.07,prmb8xb1w3,d790fjr3li
846,-0.021,-0.005,-0.025,18,16,24,-0.316,-0.259,-0.329,0.063,tiftrq11yu,0x61cpbqte
847,-0.002,-0.004,-0.025,17,24,18,-0.367,-0.417,-0.319,0.044,5ax39rqgck,8j7octjucv
848,-0.009000000000000001,-0.02,-0.001,24,27,24,-0.379,-0.293,-0.299,0.029,lk0v2sky5o,4kkorco9aa
849,-0.001,-0.006,-0.016,27,26,22,-0.302,-0.442,-0.253,0.075,53d0fe5ri6,pdklfdrtrt
850,-0.021,-0.0,-0.011,20,17,18,-0.374,-0.312,-0.251,0.033,oliccp1gz3,uvjht7oje2
851,-0.0,-0.0,-0.007,27,17,24,-0.326,-0.335,-0.28600000000000003,0.064,nggxqiilin,3kbgaiye6t
852,-0.02,-0.016,-0.025,16,16,16,-0.41400000000000003,-0.33,-0.297,0.057,cxkb9ashq8,mvpw7o8cx9
853,-0.025,-0.007,-0.003,29,26,29,-0.28400000000000003,-0.389,-0.315,0.024,8p34mxwzuu,3b6blt2jib
854,-0.004,-0.0,-0.01,24,20,18,-0.42,-0.396,-0.41400000000000003,0.054,4we5o7mdrb,hian9j72lb
855,-0.015,-0.021,-0.023,27,29,25,-0.333,-0.43,-0.297,0.067,w315uugwh4,2z33k1t4is
856,-0.007,-0.008,-0.023,26,15,28,-0.381,-0.327,-0.269,0.058,0iw5wrnhj2,9sf5nh23sp
857,-0.029,-0.015,-0.001,16,17,16,-0.258,-0.328,-0.322,0.025,r3u07wsrup,n4n1kfgvkv
858,-0.005,-0.01,-0.029,22,18,22,-0.273,-0.42,-0.298,0.029,e3m2jgsjp1,g6tsp3mluq
859,-0.021,-0.008,-0.026000000000000002,23,27,28,-0.254,-0.31,-0.355,0.074,9n5qock3vl,ibgm8juwzo
860,-0.006,-0.005,-0.023,23,15,16,-0.438,-0.342,-0.425,0.026000000000000002,fj5oqnos6n,as0yumegwe
861,-0.013000000000000001,-0.001,-0.026000000000000002,20,23,20,-0.441,-0.372,-0.37,0.027,ovkvyq37x5,44fukwc80t
862,-0.014,-0.017,-0.005,20,28,16,-0.352,-0.389,-0.291,0.051000000000000004,ecjzk12q5m,uwh4ej5k0b
863,-0.002,-0.027,-0.023,29,16,25,-0.352,-0.29,-0.405,0.045,j7sjqzl2j2,rvwxgsovgl
864,-0.016,-0.021,-0.008,16,28,20,-0.306,-0.326,-0.387,0.022,mkva2f551m,0u2lwdoh31
865,-0.005,-0.0,-0.018000000000000002,15,27,26,-0.379,-0.34400000000000003,-0.267,0.077,ne7ra30nnw,cmpze73kvt
866,-0.024,-0.005,-0.011,24,26,25,-0.343,-0.40800000000000003,-0.396,0.046,884myezn73,d0gaa1llyd
867,-0.015,-0.028,-0.008,20,26,15,-0.336,-0.357,-0.378,0.029,q6pgxuvy9v,nlki5v5rre
868,-0.0,-0.023,-0.021,17,23,17,-0.421,-0.366,-0.298,0.032,rhyx4jsvew,in49a4qsam
869,-0.012,-0.016,-0.017,27,16,19,-0.262,-0.306,-0.303,0.065,kt1aujavgd,8ym2ccteaf
870,-0.014,-0.018000000000000002,-0.02,21,18,27,-0.301,-0.263,-0.393,0.058,x496ia0n7p,9dx43vx70z
871,-0.02,-0.024,-0.008,25,18,24,-0.28600000000000003,-0.308,-0.253,0.026000000000000002,0kp3bzidw0,cpfiirqva5
872,-0.007,-0.012,-0.023,19,27,17,-0.292,-0.36,-0.333,0.034,yf081h3nxv,l0dwxxv46m
873,-0.012,-0.026000000000000002,-0.01,26,21,29,-0.339,-0.259,-0.369,0.078,y2168vu355,v5oz4a95mh
874,-0.003,-0.016,-0.019,17,23,27,-0.332,-0.448,-0.278,0.055,xfejs2t7g4,480s92iz0r
875,-0.004,-0.005,-0.029,22,28,15,-0.386,-0.315,-0.375,0.042,dltgzfl7sm,1ejzri5clm
876,-0.029,-0.006,-0.003,21,23,16,-0.41000000000000003,-0.432,-0.33,0.076,uv7shki7q6,bx3d873fzm
877,-0.008,-0.019,-0.018000000000000002,18,26,25,-0.308,-0.316,-0.278,0.055,t7ib4qqx2d,zfq0iygjo4
878,-0.028,-0.016,-0.023,18,29,17,-0.327,-0.309,-0.364,0.03,uodd0ipuje,0189gj8iaw
879,-0.023,-0.015,-0.014,28,21,18,-0.401,-0.276,-0.402,0.036000000000000004,yxq62qv55k,739a2cjybl
880,-0.019,-0.014,-0.025,16,28,18,-0.397,-0.421,-0.342,0.055,bwd7ofhq9s,pjmvsk5i5b
881,-0.001,-0.006,-0.009000000000000001,20,16,27,-0.34800000000000003,-0.266,-0.28600000000000003,0.069,ejie4jf4lp,kdd8vcetw5
882,-0.025,-0.0,-0.007,17,20,23,-0.40900000000000003,-0.405,-0.406,0.052000000000000005,95omiznoe2,dlqry7xbas
883,-0.029,-0.011,-0.004,22,19,16,-0.27,-0.401,-0.399,0.035,gpsff2f045,x84ers32s9
884,-0.019,-0.011,-0.023,25,15,25,-0.341,-0.296,-0.438,0.04,jnse5i4x14,bj1k20g192
885,-0.02,-0.029,-0.007,26,28,19,-0.41300000000000003,-0.314,-0.421,0.029,an9owyc7il,lp8i2agy6l
886,-0.007,-0.011,-0.017,29,28,29,-0.259,-0.446,-0.354,0.029,93wsc3txbk,zskse1rdmv
887,-0.008,-0.017,-0.001,17,18,28,-0.34900000000000003,-0.253,-0.40700000000000003,0.063,tu2crknskz,rxv55mg6vc
888,-0.016,-0.022,-0.025,23,20,29,-0.445,-0.41100000000000003,-0.38,0.021,gqezb02vr0,1txs1h02zj
889,-0.024,-0.013000000000000001,-0.013000000000000001,18,22,23,-0.31,-0.265,-0.251,0.048,4zpqsvxyg7,xbvebk0upy
890,-0.004,-0.005,-0.011,25,26,20,-0.44,-0.446,-0.363,0.042,769ilmk6q3,ko503cavgg
891,-0.021,-0.008,-0.001,27,22,16,-0.318,-0.264,-0.40900000000000003,0.07,q8cgg2tbo0,rbyio42te0
892,-0.001,-0.025,-0.01,28,19,28,-0.323,-0.28700000000000003,-0.389,0.079,bm6tz9bm2n,j2jn18jiwl
893,-0.028,-0.028,-0.021,25,29,20,-0.353,-0.441,-0.439,0.023,pjtjuf1iou,2t3h4v4o6m
894,-0.009000000000000001,-0.003,-0.008,20,18,24,-0.397,-0.371,-0.406,0.044,nszsz55f3n,nwthcwn10r
895,-0.025,-0.018000000000000002,-0.027,25,18,28,-0.363,-0.264,-0.434,0.076,3ztrca0ovj,fapmy5qb0g
896,-0.002,-0.003,-0.028,28,26,19,-0.431,-0.329,-0.25,0.061,nm62i1c6yp,k59zjch6ez
897,-0.025,-0.014,-0.029,24,18,20,-0.435,-0.41600000000000004,-0.333,0.038,8hlv15z5xq,7oiabatp84
898,-0.01,-0.023,-0.022,24,15,29,-0.325,-0.371,-0.327,0.022,v43irwhz0f,tgdov2p3pc
899,-0.023,-0.021,-0.024,18,24,20,-0.33,-0.327,-0.403,0.077,e4uyotazmr,bu699k90nh
900,-0.014,-0.0,-0.016,22,16,25,-0.334,-0.331,-0.421,0.048,vv2tjv9rir,1e28jjl9ep
901,-0.027,-0.019,-0.028,28,26,15,-0.352,-0.261,-0.41200000000000003,0.022,3p7c4u55qm,uy3n6cxgmc
902,-0.028,-0.016,-0.022,15,22,24,-0.3,-0.355,-0.364,0.02,ebnvcjgfa9,ncgnqcjcxj
903,-0.027,-0.013000000000000001,-0.005,25,24,16,-0.41200000000000003,-0.404,-0.311,0.077,jlvu4o1eia,g2lj5x1xnq
904,-0.014,-0.009000000000000001,-0.0,24,28,21,-0.34900000000000003,-0.325,-0.385,0.022,ul1erkihks,gkvzowfidq
905,-0.0,-0.002,-0.004,21,24,16,-0.261,-0.335,-0.323,0.078,tc2h93fryt,ifa3e3m0jv
906,-0.015,-0.011,-0.018000000000000002,24,15,29,-0.28500000000000003,-0.399,-0.371,0.022,0433miksrx,2l18w87r7f
907,-0.025,-0.011,-0.015,29,19,17,-0.385,-0.311,-0.366,0.065,5k4xiwavlo,71xxbymix9
908,-0.001,-0.027,-0.003,28,25,21,-0.297,-0.358,-0.297,0.066,jll2g9unof,7xi0m4xz5s
909,-0.021,-0.025,-0.028,28,21,21,-0.449,-0.326,-0.364,0.027,ostfu7qk7b,cljd1sjomg
910,-0.02,-0.009000000000000001,-0.01,25,17,28,-0.382,-0.327,-0.352,0.069,o0d3pokq7p,8ifrj0hdi2
911,-0.008,-0.017,-0.01,29,17,22,-0.418,-0.41400000000000003,-0.268,0.051000000000000004,pnp18cw09l,nsh38o52zb
912,-0.019,-0.027,-0.005,28,18,21,-0.28700000000000003,-0.371,-0.312,0.052000000000000005,r403vcz4zd,fpc3bzckbq
913,-0.008,-0.015,-0.0,25,29,19,-0.28800000000000003,-0.391,-0.323,0.056,stqejd33w1,rfg5avgi4b
914,-0.016,-0.003,-0.015,26,20,15,-0.399,-0.439,-0.3,0.043000000000000003,x6xhuevx6h,5u4dfcp3ep
915,-0.025,-0.025,-0.016,17,27,15,-0.373,-0.34700000000000003,-0.332,0.075,berl2fxy21,a67ecrrtg1
916,-0.023,-0.013000000000000001,-0.02,26,22,20,-0.316,-0.438,-0.28700000000000003,0.066,wtngglrdo3,iiueralj80
917,-0.022,-0.004,-0.004,27,29,16,-0.34700000000000003,-0.277,-0.293,0.054,jvbgm981ze,7040hdt8qt
918,-0.006,-0.01,-0.009000000000000001,26,18,25,-0.43,-0.41000000000000003,-0.375,0.022,mgljdab753,sb1evxxqf9
919,-0.019,-0.005,-0.002,18,15,25,-0.294,-0.356,-0.278,0.034,njfh9w0tzm,a3ry6ompxu
920,-0.016,-0.011,-0.027,26,24,29,-0.41100000000000003,-0.301,-0.419,0.039,z390oktm41,3pfcmzlhfq
921,-0.027,-0.025,-0.015,22,28,24,-0.296,-0.364,-0.315,0.064,9b7ip942np,aa8lgawja2
922,-0.019,-0.022,-0.007,21,24,17,-0.326,-0.375,-0.258,0.048,juityn88u4,h44i22fr6d
923,-0.028,-0.014,-0.008,28,22,16,-0.252,-0.41100000000000003,-0.442,0.052000000000000005,xbj01kcseo,lh5eubgfqz
924,-0.01,-0.02,-0.018000000000000002,27,21,26,-0.401,-0.40800000000000003,-0.375,0.048,a6rie2ybke,a5uogkcp07
925,-0.014,-0.02,-0.012,15,26,18,-0.402,-0.316,-0.376,0.066,hoevxhrkpf,3v6ynxfv74
926,-0.022,-0.001,-0.023,21,23,24,-0.291,-0.28,-0.41500000000000004,0.046,0cjv4nt0oj,cikag06iea
927,-0.018000000000000002,-0.013000000000000001,-0.016,22,25,23,-0.34600000000000003,-0.392,-0.436,0.07,wbq23kq54o,r48ga9dfk3
928,-0.022,-0.018000000000000002,-0.028,28,24,19,-0.317,-0.312,-0.294,0.077,vkeyhuv5kt,tzwua7rmso
929,-0.023,-0.022,-0.029,16,26,28,-0.308,-0.297,-0.376,0.056,sle70ib17r,s7jpkshd00
930,-0.006,-0.028,-0.021,22,16,27,-0.426,-0.271,-0.406,0.038,1nr4z27mv2,8auj6czg2o
931,-0.029,-0.011,-0.005,24,20,28,-0.265,-0.43,-0.257,0.021,ku95nhuxiv,us5quoj1um
932,-0.003,-0.013000000000000001,-0.024,18,24,26,-0.294,-0.357,-0.316,0.02,p21e3omwjg,ry3nj18kuq
933,-0.029,-0.009000000000000001,-0.005,27,16,24,-0.311,-0.315,-0.384,0.064,q9paneuqfw,4vfk8srfw7
934,-0.027,-0.013000000000000001,-0.017,17,17,15,-0.384,-0.445,-0.389,0.037,hipo82g49h,moebuf5ohv
935,-0.014,-0.014,-0.025,19,19,22,-0.251,-0.403,-0.318,0.065,d9hlultl8q,m4j4qqiwa5
936,-0.015,-0.002,-0.027,22,23,16,-0.38,-0.28200000000000003,-0.323,0.055,c5x25k3tfp,tvcbjtjrx5
937,-0.027,-0.013000000000000001,-0.025,18,18,19,-0.293,-0.384,-0.331,0.024,bxbhzxwep6,3snsny26p6
938,-0.001,-0.017,-0.021,24,28,18,-0.358,-0.442,-0.332,0.043000000000000003,l44z7dxqez,ltmp6ubbhx
939,-0.025,-0.003,-0.029,18,16,19,-0.371,-0.272,-0.425,0.059000000000000004,uw3xfpdsm8,ofndptuwwg
940,-0.021,-0.011,-0.014,27,22,17,-0.386,-0.402,-0.312,0.07100000000000001,zv64uo8tom,wj2lbssyts
941,-0.008,-0.028,-0.006,28,16,28,-0.312,-0.28,-0.278,0.054,fh6vmzi13i,aml9mnmyol
942,-0.024,-0.008,-0.022,20,23,19,-0.357,-0.301,-0.441,0.034,v05xsmxzf1,qsdw3twkch
943,-0.029,-0.024,-0.02,18,18,27,-0.306,-0.252,-0.401,0.028,ab6ixrprx1,u8ckz384o0
944,-0.008,-0.023,-0.006,18,27,27,-0.313,-0.305,-0.28500000000000003,0.052000000000000005,5rsckxsihv,y640gqsikz
945,-0.015,-0.008,-0.013000000000000001,23,23,20,-0.28,-0.426,-0.279,0.069,pu0wngbzgm,heh9dn92bz
946,-0.029,-0.02,-0.014,18,17,24,-0.362,-0.379,-0.367,0.027,7iq1oruhua,l2eio7csvl
947,-0.009000000000000001,-0.018000000000000002,-0.026000000000000002,29,17,29,-0.367,-0.384,-0.339,0.041,p6rj25eppa,t6web2h3vs
948,-0.013000000000000001,-0.008,-0.027,29,18,27,-0.403,-0.266,-0.319,0.07200000000000001,i9y56w2o9z,wpo4ml4wgj
949,-0.012,-0.004,-0.009000000000000001,23,15,23,-0.396,-0.261,-0.426,0.022,5y3vkfbt8n,4elcbals3w
950,-0.014,-0.0,-0.028,24,22,16,-0.341,-0.272,-0.337,0.074,eu51c674mq,y2rxwu3e0d
951,-0.029,-0.02,-0.003,28,23,19,-0.365,-0.433,-0.391,0.074,9v2cpdexmt,4zu0rysmfo
952,-0.021,-0.011,-0.023,17,24,16,-0.316,-0.27,-0.387,0.049,se1llcnu8u,mbggzwzmf2
953,-0.0,-0.011,-0.028,27,23,26,-0.373,-0.255,-0.252,0.046,929jxgnzya,669ohonzo1
954,-0.023,-0.02,-0.023,29,26,17,-0.297,-0.429,-0.392,0.037,lyc9nnmra6,7awtofpztl
955,-0.008,-0.021,-0.015,21,28,29,-0.289,-0.265,-0.32,0.076,16i2q9fhs4,kmcy8rp1an
956,-0.007,-0.026000000000000002,-0.008,19,25,29,-0.315,-0.40700000000000003,-0.301,0.059000000000000004,nwbtgcfjcv,jm0hrhepbo
957,-0.015,-0.007,-0.007,17,25,16,-0.426,-0.387,-0.432,0.061,22dpe63ddu,n50uj9f34g
958,-0.026000000000000002,-0.007,-0.022,29,17,19,-0.405,-0.352,-0.261,0.027,diure8db08,l3e5vfm2pg
959,-0.007,-0.002,-0.025,23,28,15,-0.278,-0.369,-0.316,0.068,4ga5hecwmn,2z9557qujg
960,-0.001,-0.025,-0.02,27,28,16,-0.267,-0.439,-0.359,0.02,5v7fr7w2qc,68nhezto1b
961,-0.019,-0.016,-0.018000000000000002,28,16,28,-0.41200000000000003,-0.254,-0.301,0.022,jd21gtmm8x,x3try0oqik
962,-0.008,-0.0,-0.024,19,21,23,-0.28400000000000003,-0.342,-0.322,0.052000000000000005,mgzec2d1s5,0gyh7zn61t
963,-0.007,-0.006,-0.01,19,21,29,-0.35000000000000003,-0.28800000000000003,-0.252,0.053,8l2gbfaahd,czf2gkn7cr
964,-0.021,-0.004,-0.019,16,21,20,-0.377,-0.25,-0.382,0.035,ej6t0bipy3,ehcj0sj35b
965,-0.029,-0.023,-0.013000000000000001,16,19,20,-0.368,-0.332,-0.37,0.023,0rocpbt1qh,boa9y9nj41
966,-0.024,-0.006,-0.02,27,21,26,-0.32,-0.373,-0.374,0.069,bxvresjxsu,udsukeqis0
967,-0.018000000000000002,-0.018000000000000002,-0.015,28,19,23,-0.298,-0.317,-0.368,0.029,akwfy8o40m,c7xyv74r77
968,-0.018000000000000002,-0.007,-0.008,17,17,23,-0.436,-0.362,-0.275,0.056,x5j7weng9v,nebzmgf27p
969,-0.029,-0.007,-0.021,26,25,25,-0.44,-0.361,-0.373,0.026000000000000002,n4ukg4p5lx,vgriatb710
970,-0.001,-0.012,-0.008,21,29,26,-0.378,-0.40800000000000003,-0.422,0.028,q5hg4in4vd,jurkmhb750
971,-0.014,-0.003,-0.028,16,19,29,-0.41500000000000004,-0.28400000000000003,-0.28200000000000003,0.06,c0pz9yq657,3gvn70p1um
972,-0.014,-0.028,-0.019,16,23,26,-0.26,-0.403,-0.353,0.044,oj0du1xbth,lhbxp1nopa
973,-0.017,-0.009000000000000001,-0.016,24,23,15,-0.369,-0.448,-0.429,0.078,1wqq2nhhsv,iqaw4uybcm
974,-0.025,-0.025,-0.007,20,20,21,-0.32,-0.301,-0.419,0.05,6ozg0nh56b,c3wc75ddcf
975,-0.005,-0.028,-0.007,29,15,25,-0.304,-0.383,-0.37,0.074,2xyvkrex7s,2dxxtu1j46
976,-0.014,-0.007,-0.015,18,27,28,-0.269,-0.338,-0.33,0.027,x6rl1yjego,cgqvcjscts
977,-0.005,-0.003,-0.024,29,23,20,-0.39,-0.332,-0.39,0.036000000000000004,tealdata4r,lpf9gpnvi0
978,-0.009000000000000001,-0.014,-0.013000000000000001,21,19,23,-0.332,-0.359,-0.258,0.024,mev6uxhh5q,jzsmybzb4w
979,-0.012,-0.017,-0.01,23,25,23,-0.254,-0.391,-0.278,0.056,j5j5043x3f,djmqy0w7s4
980,-0.028,-0.025,-0.026000000000000002,27,23,27,-0.293,-0.378,-0.28,0.024,77sa733gmh,18mmps4dl7
981,-0.024,-0.002,-0.023,20,17,15,-0.425,-0.43,-0.357,0.048,78l1w40qtn,rs7upwhwa9
982,-0.002,-0.017,-0.0,21,23,20,-0.437,-0.432,-0.313,0.06,jni0szhh5x,4ku47e81gc
983,-0.011,-0.004,-0.007,26,27,27,-0.368,-0.257,-0.319,0.021,m0vapfu18s,7w3exode79
984,-0.001,-0.011,-0.02,18,22,26,-0.34800000000000003,-0.324,-0.369,0.023,2ge6afq1um,2k93cvoylt
985,-0.022,-0.009000000000000001,-0.008,24,15,25,-0.445,-0.372,-0.307,0.058,jecthn2iel,5sbq0onlza
986,-0.019,-0.018000000000000002,-0.009000000000000001,26,22,23,-0.38,-0.263,-0.28700000000000003,0.023,m0yhkl4mhj,a1ewdl7txd
987,-0.024,-0.022,-0.016,16,21,21,-0.251,-0.437,-0.405,0.027,i7gu2ooezk,3gi7i2hd9i
988,-0.028,-0.011,-0.019,21,17,21,-0.376,-0.386,-0.43,0.03,xrcvi1cptc,7xig8sjmzk
989,-0.001,-0.02,-0.024,16,17,19,-0.387,-0.265,-0.357,0.045,6rjouodpfb,d4u6zobpar
990,-0.022,-0.0,-0.011,20,22,16,-0.28600000000000003,-0.396,-0.271,0.052000000000000005,qmgz20po0n,rh9wmmli30
991,-0.013000000000000001,-0.022,-0.014,17,29,21,-0.341,-0.442,-0.34900000000000003,0.07,ff7lpclxpc,agy1cm83i3
992,-0.0,-0.023,-0.027,18,18,21,-0.307,-0.271,-0.34700000000000003,0.063,0vvmxzr17t,2ii9w7ws1l
993,-0.002,-0.002,-0.011,17,25,26,-0.355,-0.279,-0.263,0.078,n760sue5cz,88c7og6t8a
994,-0.021,-0.018000000000000002,-0.023,27,19,18,-0.34800000000000003,-0.333,-0.271,0.055,wp4rit9nlv,j9h4umgsbb
995,-0.011,-0.017,-0.001,15,19,19,-0.358,-0.266,-0.318,0.055,51t0oq2vem,wfau7h8wcx
996,-0.023,-0.011,-0.017,27,29,20,-0.318,-0.27,-0.40900000000000003,0.069,eazlcq4u7y,y1ljexwk0u
997,-0.018000000000000002,-0.011,-0.014,24,26,26,-0.257,-0.333,-0.294,0.023,x6w3rr4wpa,qmn6c6qgcl
998,-0.003,-0.019,-0.016,21,15,22,-0.385,-0.264,-0.328,0.041,xplf3bnvpe,tbefxo1cr9
999,-0.028,-0.0,-0.024,18,18,24,-0.445,-0.329,-0.40700000000000003,0.061,c6hd47smmb,lky1dedkeh
